
 /----------------------------------------------------------------------------\
 |  yosys -- Yosys Open SYnthesis Suite                                       |
 |  Copyright (C) 2012 - 2026  Claire Xenia Wolf <claire@yosyshq.com>         |
 |  Distributed under an ISC-like license, type "license" to see terms        |
 \----------------------------------------------------------------------------/
 Yosys 0.64 (git sha1 d8dab5b32666564eca8e18f412973853ce006e61, clang++ 21.0.0 -fPIC -O3)

1. Executing Liberty frontend: /Users/rebeccagilbert-croysdale/.volare/volare/sky130/versions/0fe599b2afb6708d281543108caf8310912f54af/sky130A/libs.ref/sky130_fd_sc_hd/lib/sky130_fd_sc_hd__tt_025C_1v80.lib
Imported 428 cell types from liberty file.

2. Executing Verilog-2005 frontend: rtl/top.sv
Parsing SystemVerilog input from `rtl/top.sv' to AST representation.
Generating RTLIL representation for module `\bnn_top'.
Successfully finished Verilog frontend.

3. Executing Verilog-2005 frontend: ../../project/m2/rtl/interface.sv
Parsing SystemVerilog input from `../../project/m2/rtl/interface.sv' to AST representation.
Generating RTLIL representation for module `\axis_interface'.
Successfully finished Verilog frontend.

4. Executing Verilog-2005 frontend: ../../project/m2/rtl/compute_core.sv
Parsing SystemVerilog input from `../../project/m2/rtl/compute_core.sv' to AST representation.
Generating RTLIL representation for module `\compute_core'.
Successfully finished Verilog frontend.

5. Executing SYNTH pass.

5.1. Executing HIERARCHY pass (managing design hierarchy).

5.1.1. Analyzing design hierarchy..
Top module:  \bnn_top
Used module:     \compute_core
Used module:     \axis_interface
Parameter \VECTOR_WIDTH = 256

5.1.2. Executing AST frontend in derive mode using pre-parsed AST for module `\compute_core'.
Parameter \VECTOR_WIDTH = 256
Generating RTLIL representation for module `$paramod\compute_core\VECTOR_WIDTH=s32'00000000000000000000000100000000'.

5.1.3. Analyzing design hierarchy..
Top module:  \bnn_top
Used module:     $paramod\compute_core\VECTOR_WIDTH=s32'00000000000000000000000100000000
Used module:     \axis_interface

5.1.4. Analyzing design hierarchy..
Top module:  \bnn_top
Used module:     $paramod\compute_core\VECTOR_WIDTH=s32'00000000000000000000000100000000
Used module:     \axis_interface
Removing unused module `\compute_core'.
Removed 1 unused modules.

5.2. Executing PROC pass (convert processes to netlists).

5.2.1. Executing PROC_CLEAN pass (remove empty switches from decision trees).
Cleaned up 0 empty switches.

5.2.2. Executing PROC_RMDEAD pass (remove dead branches from decision trees).
Marked 2 switch rules as full_case in process $proc$../../project/m2/rtl/compute_core.sv:108$571 in module $paramod\compute_core\VECTOR_WIDTH=s32'00000000000000000000000100000000.
Marked 1 switch rules as full_case in process $proc$../../project/m2/rtl/compute_core.sv:78$309 in module $paramod\compute_core\VECTOR_WIDTH=s32'00000000000000000000000100000000.
Marked 4 switch rules as full_case in process $proc$../../project/m2/rtl/interface.sv:102$34 in module axis_interface.
Marked 1 switch rules as full_case in process $proc$rtl/top.sv:273$31 in module bnn_top.
Marked 2 switch rules as full_case in process $proc$rtl/top.sv:250$26 in module bnn_top.
Marked 1 switch rules as full_case in process $proc$rtl/top.sv:210$23 in module bnn_top.
Marked 3 switch rules as full_case in process $proc$rtl/top.sv:187$19 in module bnn_top.
Marked 2 switch rules as full_case in process $proc$rtl/top.sv:142$9 in module bnn_top.
Marked 1 switch rules as full_case in process $proc$rtl/top.sv:130$2 in module bnn_top.
Removed a total of 0 dead cases.

5.2.3. Executing PROC_PRUNE pass (remove redundant assignments in processes).
Removed 5 redundant assignments.
Promoted 6 assignments to connections.

5.2.4. Executing PROC_INIT pass (extract init attributes).

5.2.5. Executing PROC_ARST pass (detect async resets in processes).

5.2.6. Executing PROC_ROM pass (convert switches to ROMs).
Converted 0 switches.
<suppressed ~23 debug messages>

5.2.7. Executing PROC_MUX pass (convert decision trees to multiplexers).
Creating decoders for process `$paramod\compute_core\VECTOR_WIDTH=s32'00000000000000000000000100000000.$proc$../../project/m2/rtl/compute_core.sv:108$571'.
     1/1: $0\accum_out[31:0]
Creating decoders for process `$paramod\compute_core\VECTOR_WIDTH=s32'00000000000000000000000100000000.$proc$../../project/m2/rtl/compute_core.sv:95$311'.
Creating decoders for process `$paramod\compute_core\VECTOR_WIDTH=s32'00000000000000000000000100000000.$proc$../../project/m2/rtl/compute_core.sv:78$309'.
     1/3: $0\accum_clear_r[0:0]
     2/3: $0\s_valid_r[0:0]
     3/3: $0\xnor_reg[255:0]
Creating decoders for process `\axis_interface.$proc$../../project/m2/rtl/interface.sv:102$34'.
     1/6: $0\s_reg_valid[0:0]
     2/6: $0\m_reg_valid[0:0]
     3/6: $0\s_reg_last[0:0]
     4/6: $0\m_reg_last[0:0]
     5/6: $0\s_reg_data[255:0]
     6/6: $0\m_reg_data[255:0]
Creating decoders for process `\bnn_top.$proc$rtl/top.sv:273$31'.
     1/1: $0\tile_count[15:0]
Creating decoders for process `\bnn_top.$proc$rtl/top.sv:250$26'.
     1/2: $0\result_valid[0:0]
     2/2: $0\result_reg[31:0]
Creating decoders for process `\bnn_top.$proc$rtl/top.sv:227$24'.
Creating decoders for process `\bnn_top.$proc$rtl/top.sv:210$23'.
     1/2: $0\last_beat_r2[0:0]
     2/2: $0\last_beat_r1[0:0]
Creating decoders for process `\bnn_top.$proc$rtl/top.sv:187$19'.
     1/2: $0\beats_this_tile[3:0]
     2/2: $0\beat_ctr[2:0]
Creating decoders for process `\bnn_top.$proc$rtl/top.sv:142$9'.
     1/1: $0\w_ptr[10:0]
Creating decoders for process `\bnn_top.$proc$rtl/top.sv:130$2'.
     1/3: $1$memwr$\weight_mem$rtl/top.sv:132$1_EN[255:0]$8
     2/3: $1$memwr$\weight_mem$rtl/top.sv:132$1_DATA[255:0]$7
     3/3: $1$memwr$\weight_mem$rtl/top.sv:132$1_ADDR[10:0]$6

5.2.8. Executing PROC_DLATCH pass (convert process syncs to latches).
No latch inferred for signal `$paramod\compute_core\VECTOR_WIDTH=s32'00000000000000000000000100000000.\popcount' from process `$paramod\compute_core\VECTOR_WIDTH=s32'00000000000000000000000100000000.$proc$../../project/m2/rtl/compute_core.sv:95$311'.
No latch inferred for signal `$paramod\compute_core\VECTOR_WIDTH=s32'00000000000000000000000100000000.$fordecl_block$39.i' from process `$paramod\compute_core\VECTOR_WIDTH=s32'00000000000000000000000100000000.$proc$../../project/m2/rtl/compute_core.sv:95$311'.

5.2.9. Executing PROC_DFF pass (convert process syncs to FFs).
Creating register for signal `$paramod\compute_core\VECTOR_WIDTH=s32'00000000000000000000000100000000.\accum_out' using process `$paramod\compute_core\VECTOR_WIDTH=s32'00000000000000000000000100000000.$proc$../../project/m2/rtl/compute_core.sv:108$571'.
  created $dff cell `$procdff$715' with positive edge clock.
Creating register for signal `$paramod\compute_core\VECTOR_WIDTH=s32'00000000000000000000000100000000.\xnor_reg' using process `$paramod\compute_core\VECTOR_WIDTH=s32'00000000000000000000000100000000.$proc$../../project/m2/rtl/compute_core.sv:78$309'.
  created $dff cell `$procdff$716' with positive edge clock.
Creating register for signal `$paramod\compute_core\VECTOR_WIDTH=s32'00000000000000000000000100000000.\s_valid_r' using process `$paramod\compute_core\VECTOR_WIDTH=s32'00000000000000000000000100000000.$proc$../../project/m2/rtl/compute_core.sv:78$309'.
  created $dff cell `$procdff$717' with positive edge clock.
Creating register for signal `$paramod\compute_core\VECTOR_WIDTH=s32'00000000000000000000000100000000.\accum_clear_r' using process `$paramod\compute_core\VECTOR_WIDTH=s32'00000000000000000000000100000000.$proc$../../project/m2/rtl/compute_core.sv:78$309'.
  created $dff cell `$procdff$718' with positive edge clock.
Creating register for signal `\axis_interface.\m_reg_data' using process `\axis_interface.$proc$../../project/m2/rtl/interface.sv:102$34'.
  created $dff cell `$procdff$719' with positive edge clock.
Creating register for signal `\axis_interface.\s_reg_data' using process `\axis_interface.$proc$../../project/m2/rtl/interface.sv:102$34'.
  created $dff cell `$procdff$720' with positive edge clock.
Creating register for signal `\axis_interface.\m_reg_last' using process `\axis_interface.$proc$../../project/m2/rtl/interface.sv:102$34'.
  created $dff cell `$procdff$721' with positive edge clock.
Creating register for signal `\axis_interface.\s_reg_last' using process `\axis_interface.$proc$../../project/m2/rtl/interface.sv:102$34'.
  created $dff cell `$procdff$722' with positive edge clock.
Creating register for signal `\axis_interface.\m_reg_valid' using process `\axis_interface.$proc$../../project/m2/rtl/interface.sv:102$34'.
  created $dff cell `$procdff$723' with positive edge clock.
Creating register for signal `\axis_interface.\s_reg_valid' using process `\axis_interface.$proc$../../project/m2/rtl/interface.sv:102$34'.
  created $dff cell `$procdff$724' with positive edge clock.
Creating register for signal `\bnn_top.\tile_count' using process `\bnn_top.$proc$rtl/top.sv:273$31'.
  created $dff cell `$procdff$725' with positive edge clock.
Creating register for signal `\bnn_top.\result_reg' using process `\bnn_top.$proc$rtl/top.sv:250$26'.
  created $dff cell `$procdff$726' with positive edge clock.
Creating register for signal `\bnn_top.\result_valid' using process `\bnn_top.$proc$rtl/top.sv:250$26'.
  created $dff cell `$procdff$727' with positive edge clock.
Creating register for signal `\bnn_top.\accum_clear' using process `\bnn_top.$proc$rtl/top.sv:227$24'.
  created $dff cell `$procdff$728' with positive edge clock.
Creating register for signal `\bnn_top.\last_beat_r1' using process `\bnn_top.$proc$rtl/top.sv:210$23'.
  created $dff cell `$procdff$729' with positive edge clock.
Creating register for signal `\bnn_top.\last_beat_r2' using process `\bnn_top.$proc$rtl/top.sv:210$23'.
  created $dff cell `$procdff$730' with positive edge clock.
Creating register for signal `\bnn_top.\beat_ctr' using process `\bnn_top.$proc$rtl/top.sv:187$19'.
  created $dff cell `$procdff$731' with positive edge clock.
Creating register for signal `\bnn_top.\beats_this_tile' using process `\bnn_top.$proc$rtl/top.sv:187$19'.
  created $dff cell `$procdff$732' with positive edge clock.
Creating register for signal `\bnn_top.\w_ptr' using process `\bnn_top.$proc$rtl/top.sv:142$9'.
  created $dff cell `$procdff$733' with positive edge clock.
Creating register for signal `\bnn_top.$memwr$\weight_mem$rtl/top.sv:132$1_ADDR' using process `\bnn_top.$proc$rtl/top.sv:130$2'.
  created $dff cell `$procdff$734' with positive edge clock.
Creating register for signal `\bnn_top.$memwr$\weight_mem$rtl/top.sv:132$1_DATA' using process `\bnn_top.$proc$rtl/top.sv:130$2'.
  created $dff cell `$procdff$735' with positive edge clock.
Creating register for signal `\bnn_top.$memwr$\weight_mem$rtl/top.sv:132$1_EN' using process `\bnn_top.$proc$rtl/top.sv:130$2'.
  created $dff cell `$procdff$736' with positive edge clock.

5.2.10. Executing PROC_MEMWR pass (convert process memory writes to cells).

5.2.11. Executing PROC_CLEAN pass (remove empty switches from decision trees).
Found and cleaned up 3 empty switches in `$paramod\compute_core\VECTOR_WIDTH=s32'00000000000000000000000100000000.$proc$../../project/m2/rtl/compute_core.sv:108$571'.
Removing empty process `$paramod\compute_core\VECTOR_WIDTH=s32'00000000000000000000000100000000.$proc$../../project/m2/rtl/compute_core.sv:108$571'.
Removing empty process `$paramod\compute_core\VECTOR_WIDTH=s32'00000000000000000000000100000000.$proc$../../project/m2/rtl/compute_core.sv:95$311'.
Found and cleaned up 1 empty switch in `$paramod\compute_core\VECTOR_WIDTH=s32'00000000000000000000000100000000.$proc$../../project/m2/rtl/compute_core.sv:78$309'.
Removing empty process `$paramod\compute_core\VECTOR_WIDTH=s32'00000000000000000000000100000000.$proc$../../project/m2/rtl/compute_core.sv:78$309'.
Found and cleaned up 5 empty switches in `\axis_interface.$proc$../../project/m2/rtl/interface.sv:102$34'.
Removing empty process `axis_interface.$proc$../../project/m2/rtl/interface.sv:102$34'.
Found and cleaned up 2 empty switches in `\bnn_top.$proc$rtl/top.sv:273$31'.
Removing empty process `bnn_top.$proc$rtl/top.sv:273$31'.
Found and cleaned up 3 empty switches in `\bnn_top.$proc$rtl/top.sv:250$26'.
Removing empty process `bnn_top.$proc$rtl/top.sv:250$26'.
Removing empty process `bnn_top.$proc$rtl/top.sv:227$24'.
Found and cleaned up 1 empty switch in `\bnn_top.$proc$rtl/top.sv:210$23'.
Removing empty process `bnn_top.$proc$rtl/top.sv:210$23'.
Found and cleaned up 4 empty switches in `\bnn_top.$proc$rtl/top.sv:187$19'.
Removing empty process `bnn_top.$proc$rtl/top.sv:187$19'.
Found and cleaned up 3 empty switches in `\bnn_top.$proc$rtl/top.sv:142$9'.
Removing empty process `bnn_top.$proc$rtl/top.sv:142$9'.
Found and cleaned up 1 empty switch in `\bnn_top.$proc$rtl/top.sv:130$2'.
Removing empty process `bnn_top.$proc$rtl/top.sv:130$2'.
Cleaned up 23 empty switches.

5.2.12. Executing OPT_EXPR pass (perform const folding).
Optimizing module $paramod\compute_core\VECTOR_WIDTH=s32'00000000000000000000000100000000.
<suppressed ~2 debug messages>
Optimizing module axis_interface.
<suppressed ~6 debug messages>
Optimizing module bnn_top.
<suppressed ~1 debug messages>

5.3. Executing FLATTEN pass (flatten design).
Deleting now unused module $paramod\compute_core\VECTOR_WIDTH=s32'00000000000000000000000100000000.
Deleting now unused module axis_interface.
<suppressed ~2 debug messages>

5.4. Executing OPT_EXPR pass (perform const folding).
Optimizing module bnn_top.
<suppressed ~18 debug messages>

5.5. Executing OPT_CLEAN pass (remove unused cells and wires).
Finding unused cells or wires in module \bnn_top..
Removed 15 unused cells and 116 unused wires.
<suppressed ~22 debug messages>

5.6. Executing CHECK pass (checking for obvious problems).
Checking module bnn_top...
Found and reported 0 problems.

5.7. Executing OPT pass (performing simple optimizations).

5.7.1. Executing OPT_EXPR pass (perform const folding).
Optimizing module bnn_top.

5.7.2. Executing OPT_MERGE pass (detect identical cells).
Finding identical cells in module `\bnn_top'.
Computing hashes of 331 cells of `\bnn_top'.
Finding duplicate cells in `\bnn_top'.
Removed a total of 0 cells.

5.7.3. Executing OPT_MUXTREE pass (detect dead branches in mux trees).
Running muxtree optimizer on module \bnn_top..
  Creating internal representation of mux trees.
  Evaluating internal representation of mux trees.
      Replacing known input bits on port A of cell $flatten\u_axis_if.$procmux$594: \u_axis_if.s_reg_valid -> 1'0
  Analyzing evaluation results.
Removed 0 multiplexer ports.
<suppressed ~58 debug messages>

5.7.4. Executing OPT_REDUCE pass (consolidate $*mux and $reduce_* inputs).
  Optimizing cells in module \bnn_top.
    Consolidated identical input bits for $mux cell $procmux$707:
      Old ports: A=256'0000000000000000000000000000000000000000000000000000000000000000000000000000000000000000000000000000000000000000000000000000000000000000000000000000000000000000000000000000000000000000000000000000000000000000000000000000000000000000000000000000000000000000, B=256'1111111111111111111111111111111111111111111111111111111111111111111111111111111111111111111111111111111111111111111111111111111111111111111111111111111111111111111111111111111111111111111111111111111111111111111111111111111111111111111111111111111111111111, Y=$0$memwr$\weight_mem$rtl/top.sv:132$1_EN[255:0]$5
      New ports: A=1'0, B=1'1, Y=$0$memwr$\weight_mem$rtl/top.sv:132$1_EN[255:0]$5 [0]
      New connections: $0$memwr$\weight_mem$rtl/top.sv:132$1_EN[255:0]$5 [255:1] = { $0$memwr$\weight_mem$rtl/top.sv:132$1_EN[255:0]$5 [0] $0$memwr$\weight_mem$rtl/top.sv:132$1_EN[255:0]$5 [0] $0$memwr$\weight_mem$rtl/top.sv:132$1_EN[255:0]$5 [0] $0$memwr$\weight_mem$rtl/top.sv:132$1_EN[255:0]$5 [0] $0$memwr$\weight_mem$rtl/top.sv:132$1_EN[255:0]$5 [0] $0$memwr$\weight_mem$rtl/top.sv:132$1_EN[255:0]$5 [0] $0$memwr$\weight_mem$rtl/top.sv:132$1_EN[255:0]$5 [0] $0$memwr$\weight_mem$rtl/top.sv:132$1_EN[255:0]$5 [0] $0$memwr$\weight_mem$rtl/top.sv:132$1_EN[255:0]$5 [0] $0$memwr$\weight_mem$rtl/top.sv:132$1_EN[255:0]$5 [0] $0$memwr$\weight_mem$rtl/top.sv:132$1_EN[255:0]$5 [0] $0$memwr$\weight_mem$rtl/top.sv:132$1_EN[255:0]$5 [0] $0$memwr$\weight_mem$rtl/top.sv:132$1_EN[255:0]$5 [0] $0$memwr$\weight_mem$rtl/top.sv:132$1_EN[255:0]$5 [0] $0$memwr$\weight_mem$rtl/top.sv:132$1_EN[255:0]$5 [0] $0$memwr$\weight_mem$rtl/top.sv:132$1_EN[255:0]$5 [0] $0$memwr$\weight_mem$rtl/top.sv:132$1_EN[255:0]$5 [0] $0$memwr$\weight_mem$rtl/top.sv:132$1_EN[255:0]$5 [0] $0$memwr$\weight_mem$rtl/top.sv:132$1_EN[255:0]$5 [0] $0$memwr$\weight_mem$rtl/top.sv:132$1_EN[255:0]$5 [0] $0$memwr$\weight_mem$rtl/top.sv:132$1_EN[255:0]$5 [0] $0$memwr$\weight_mem$rtl/top.sv:132$1_EN[255:0]$5 [0] $0$memwr$\weight_mem$rtl/top.sv:132$1_EN[255:0]$5 [0] $0$memwr$\weight_mem$rtl/top.sv:132$1_EN[255:0]$5 [0] $0$memwr$\weight_mem$rtl/top.sv:132$1_EN[255:0]$5 [0] $0$memwr$\weight_mem$rtl/top.sv:132$1_EN[255:0]$5 [0] $0$memwr$\weight_mem$rtl/top.sv:132$1_EN[255:0]$5 [0] $0$memwr$\weight_mem$rtl/top.sv:132$1_EN[255:0]$5 [0] $0$memwr$\weight_mem$rtl/top.sv:132$1_EN[255:0]$5 [0] $0$memwr$\weight_mem$rtl/top.sv:132$1_EN[255:0]$5 [0] $0$memwr$\weight_mem$rtl/top.sv:132$1_EN[255:0]$5 [0] $0$memwr$\weight_mem$rtl/top.sv:132$1_EN[255:0]$5 [0] $0$memwr$\weight_mem$rtl/top.sv:132$1_EN[255:0]$5 [0] $0$memwr$\weight_mem$rtl/top.sv:132$1_EN[255:0]$5 [0] $0$memwr$\weight_mem$rtl/top.sv:132$1_EN[255:0]$5 [0] $0$memwr$\weight_mem$rtl/top.sv:132$1_EN[255:0]$5 [0] $0$memwr$\weight_mem$rtl/top.sv:132$1_EN[255:0]$5 [0] $0$memwr$\weight_mem$rtl/top.sv:132$1_EN[255:0]$5 [0] $0$memwr$\weight_mem$rtl/top.sv:132$1_EN[255:0]$5 [0] $0$memwr$\weight_mem$rtl/top.sv:132$1_EN[255:0]$5 [0] $0$memwr$\weight_mem$rtl/top.sv:132$1_EN[255:0]$5 [0] $0$memwr$\weight_mem$rtl/top.sv:132$1_EN[255:0]$5 [0] $0$memwr$\weight_mem$rtl/top.sv:132$1_EN[255:0]$5 [0] $0$memwr$\weight_mem$rtl/top.sv:132$1_EN[255:0]$5 [0] $0$memwr$\weight_mem$rtl/top.sv:132$1_EN[255:0]$5 [0] $0$memwr$\weight_mem$rtl/top.sv:132$1_EN[255:0]$5 [0] $0$memwr$\weight_mem$rtl/top.sv:132$1_EN[255:0]$5 [0] $0$memwr$\weight_mem$rtl/top.sv:132$1_EN[255:0]$5 [0] $0$memwr$\weight_mem$rtl/top.sv:132$1_EN[255:0]$5 [0] $0$memwr$\weight_mem$rtl/top.sv:132$1_EN[255:0]$5 [0] $0$memwr$\weight_mem$rtl/top.sv:132$1_EN[255:0]$5 [0] $0$memwr$\weight_mem$rtl/top.sv:132$1_EN[255:0]$5 [0] $0$memwr$\weight_mem$rtl/top.sv:132$1_EN[255:0]$5 [0] $0$memwr$\weight_mem$rtl/top.sv:132$1_EN[255:0]$5 [0] $0$memwr$\weight_mem$rtl/top.sv:132$1_EN[255:0]$5 [0] $0$memwr$\weight_mem$rtl/top.sv:132$1_EN[255:0]$5 [0] $0$memwr$\weight_mem$rtl/top.sv:132$1_EN[255:0]$5 [0] $0$memwr$\weight_mem$rtl/top.sv:132$1_EN[255:0]$5 [0] $0$memwr$\weight_mem$rtl/top.sv:132$1_EN[255:0]$5 [0] $0$memwr$\weight_mem$rtl/top.sv:132$1_EN[255:0]$5 [0] $0$memwr$\weight_mem$rtl/top.sv:132$1_EN[255:0]$5 [0] $0$memwr$\weight_mem$rtl/top.sv:132$1_EN[255:0]$5 [0] $0$memwr$\weight_mem$rtl/top.sv:132$1_EN[255:0]$5 [0] $0$memwr$\weight_mem$rtl/top.sv:132$1_EN[255:0]$5 [0] $0$memwr$\weight_mem$rtl/top.sv:132$1_EN[255:0]$5 [0] $0$memwr$\weight_mem$rtl/top.sv:132$1_EN[255:0]$5 [0] $0$memwr$\weight_mem$rtl/top.sv:132$1_EN[255:0]$5 [0] $0$memwr$\weight_mem$rtl/top.sv:132$1_EN[255:0]$5 [0] $0$memwr$\weight_mem$rtl/top.sv:132$1_EN[255:0]$5 [0] $0$memwr$\weight_mem$rtl/top.sv:132$1_EN[255:0]$5 [0] $0$memwr$\weight_mem$rtl/top.sv:132$1_EN[255:0]$5 [0] $0$memwr$\weight_mem$rtl/top.sv:132$1_EN[255:0]$5 [0] $0$memwr$\weight_mem$rtl/top.sv:132$1_EN[255:0]$5 [0] $0$memwr$\weight_mem$rtl/top.sv:132$1_EN[255:0]$5 [0] $0$memwr$\weight_mem$rtl/top.sv:132$1_EN[255:0]$5 [0] $0$memwr$\weight_mem$rtl/top.sv:132$1_EN[255:0]$5 [0] $0$memwr$\weight_mem$rtl/top.sv:132$1_EN[255:0]$5 [0] $0$memwr$\weight_mem$rtl/top.sv:132$1_EN[255:0]$5 [0] $0$memwr$\weight_mem$rtl/top.sv:132$1_EN[255:0]$5 [0] $0$memwr$\weight_mem$rtl/top.sv:132$1_EN[255:0]$5 [0] $0$memwr$\weight_mem$rtl/top.sv:132$1_EN[255:0]$5 [0] $0$memwr$\weight_mem$rtl/top.sv:132$1_EN[255:0]$5 [0] $0$memwr$\weight_mem$rtl/top.sv:132$1_EN[255:0]$5 [0] $0$memwr$\weight_mem$rtl/top.sv:132$1_EN[255:0]$5 [0] $0$memwr$\weight_mem$rtl/top.sv:132$1_EN[255:0]$5 [0] $0$memwr$\weight_mem$rtl/top.sv:132$1_EN[255:0]$5 [0] $0$memwr$\weight_mem$rtl/top.sv:132$1_EN[255:0]$5 [0] $0$memwr$\weight_mem$rtl/top.sv:132$1_EN[255:0]$5 [0] $0$memwr$\weight_mem$rtl/top.sv:132$1_EN[255:0]$5 [0] $0$memwr$\weight_mem$rtl/top.sv:132$1_EN[255:0]$5 [0] $0$memwr$\weight_mem$rtl/top.sv:132$1_EN[255:0]$5 [0] $0$memwr$\weight_mem$rtl/top.sv:132$1_EN[255:0]$5 [0] $0$memwr$\weight_mem$rtl/top.sv:132$1_EN[255:0]$5 [0] $0$memwr$\weight_mem$rtl/top.sv:132$1_EN[255:0]$5 [0] $0$memwr$\weight_mem$rtl/top.sv:132$1_EN[255:0]$5 [0] $0$memwr$\weight_mem$rtl/top.sv:132$1_EN[255:0]$5 [0] $0$memwr$\weight_mem$rtl/top.sv:132$1_EN[255:0]$5 [0] $0$memwr$\weight_mem$rtl/top.sv:132$1_EN[255:0]$5 [0] $0$memwr$\weight_mem$rtl/top.sv:132$1_EN[255:0]$5 [0] $0$memwr$\weight_mem$rtl/top.sv:132$1_EN[255:0]$5 [0] $0$memwr$\weight_mem$rtl/top.sv:132$1_EN[255:0]$5 [0] $0$memwr$\weight_mem$rtl/top.sv:132$1_EN[255:0]$5 [0] $0$memwr$\weight_mem$rtl/top.sv:132$1_EN[255:0]$5 [0] $0$memwr$\weight_mem$rtl/top.sv:132$1_EN[255:0]$5 [0] $0$memwr$\weight_mem$rtl/top.sv:132$1_EN[255:0]$5 [0] $0$memwr$\weight_mem$rtl/top.sv:132$1_EN[255:0]$5 [0] $0$memwr$\weight_mem$rtl/top.sv:132$1_EN[255:0]$5 [0] $0$memwr$\weight_mem$rtl/top.sv:132$1_EN[255:0]$5 [0] $0$memwr$\weight_mem$rtl/top.sv:132$1_EN[255:0]$5 [0] $0$memwr$\weight_mem$rtl/top.sv:132$1_EN[255:0]$5 [0] $0$memwr$\weight_mem$rtl/top.sv:132$1_EN[255:0]$5 [0] $0$memwr$\weight_mem$rtl/top.sv:132$1_EN[255:0]$5 [0] $0$memwr$\weight_mem$rtl/top.sv:132$1_EN[255:0]$5 [0] $0$memwr$\weight_mem$rtl/top.sv:132$1_EN[255:0]$5 [0] $0$memwr$\weight_mem$rtl/top.sv:132$1_EN[255:0]$5 [0] $0$memwr$\weight_mem$rtl/top.sv:132$1_EN[255:0]$5 [0] $0$memwr$\weight_mem$rtl/top.sv:132$1_EN[255:0]$5 [0] $0$memwr$\weight_mem$rtl/top.sv:132$1_EN[255:0]$5 [0] $0$memwr$\weight_mem$rtl/top.sv:132$1_EN[255:0]$5 [0] $0$memwr$\weight_mem$rtl/top.sv:132$1_EN[255:0]$5 [0] $0$memwr$\weight_mem$rtl/top.sv:132$1_EN[255:0]$5 [0] $0$memwr$\weight_mem$rtl/top.sv:132$1_EN[255:0]$5 [0] $0$memwr$\weight_mem$rtl/top.sv:132$1_EN[255:0]$5 [0] $0$memwr$\weight_mem$rtl/top.sv:132$1_EN[255:0]$5 [0] $0$memwr$\weight_mem$rtl/top.sv:132$1_EN[255:0]$5 [0] $0$memwr$\weight_mem$rtl/top.sv:132$1_EN[255:0]$5 [0] $0$memwr$\weight_mem$rtl/top.sv:132$1_EN[255:0]$5 [0] $0$memwr$\weight_mem$rtl/top.sv:132$1_EN[255:0]$5 [0] $0$memwr$\weight_mem$rtl/top.sv:132$1_EN[255:0]$5 [0] $0$memwr$\weight_mem$rtl/top.sv:132$1_EN[255:0]$5 [0] $0$memwr$\weight_mem$rtl/top.sv:132$1_EN[255:0]$5 [0] $0$memwr$\weight_mem$rtl/top.sv:132$1_EN[255:0]$5 [0] $0$memwr$\weight_mem$rtl/top.sv:132$1_EN[255:0]$5 [0] $0$memwr$\weight_mem$rtl/top.sv:132$1_EN[255:0]$5 [0] $0$memwr$\weight_mem$rtl/top.sv:132$1_EN[255:0]$5 [0] $0$memwr$\weight_mem$rtl/top.sv:132$1_EN[255:0]$5 [0] $0$memwr$\weight_mem$rtl/top.sv:132$1_EN[255:0]$5 [0] $0$memwr$\weight_mem$rtl/top.sv:132$1_EN[255:0]$5 [0] $0$memwr$\weight_mem$rtl/top.sv:132$1_EN[255:0]$5 [0] $0$memwr$\weight_mem$rtl/top.sv:132$1_EN[255:0]$5 [0] $0$memwr$\weight_mem$rtl/top.sv:132$1_EN[255:0]$5 [0] $0$memwr$\weight_mem$rtl/top.sv:132$1_EN[255:0]$5 [0] $0$memwr$\weight_mem$rtl/top.sv:132$1_EN[255:0]$5 [0] $0$memwr$\weight_mem$rtl/top.sv:132$1_EN[255:0]$5 [0] $0$memwr$\weight_mem$rtl/top.sv:132$1_EN[255:0]$5 [0] $0$memwr$\weight_mem$rtl/top.sv:132$1_EN[255:0]$5 [0] $0$memwr$\weight_mem$rtl/top.sv:132$1_EN[255:0]$5 [0] $0$memwr$\weight_mem$rtl/top.sv:132$1_EN[255:0]$5 [0] $0$memwr$\weight_mem$rtl/top.sv:132$1_EN[255:0]$5 [0] $0$memwr$\weight_mem$rtl/top.sv:132$1_EN[255:0]$5 [0] $0$memwr$\weight_mem$rtl/top.sv:132$1_EN[255:0]$5 [0] $0$memwr$\weight_mem$rtl/top.sv:132$1_EN[255:0]$5 [0] $0$memwr$\weight_mem$rtl/top.sv:132$1_EN[255:0]$5 [0] $0$memwr$\weight_mem$rtl/top.sv:132$1_EN[255:0]$5 [0] $0$memwr$\weight_mem$rtl/top.sv:132$1_EN[255:0]$5 [0] $0$memwr$\weight_mem$rtl/top.sv:132$1_EN[255:0]$5 [0] $0$memwr$\weight_mem$rtl/top.sv:132$1_EN[255:0]$5 [0] $0$memwr$\weight_mem$rtl/top.sv:132$1_EN[255:0]$5 [0] $0$memwr$\weight_mem$rtl/top.sv:132$1_EN[255:0]$5 [0] $0$memwr$\weight_mem$rtl/top.sv:132$1_EN[255:0]$5 [0] $0$memwr$\weight_mem$rtl/top.sv:132$1_EN[255:0]$5 [0] $0$memwr$\weight_mem$rtl/top.sv:132$1_EN[255:0]$5 [0] $0$memwr$\weight_mem$rtl/top.sv:132$1_EN[255:0]$5 [0] $0$memwr$\weight_mem$rtl/top.sv:132$1_EN[255:0]$5 [0] $0$memwr$\weight_mem$rtl/top.sv:132$1_EN[255:0]$5 [0] $0$memwr$\weight_mem$rtl/top.sv:132$1_EN[255:0]$5 [0] $0$memwr$\weight_mem$rtl/top.sv:132$1_EN[255:0]$5 [0] $0$memwr$\weight_mem$rtl/top.sv:132$1_EN[255:0]$5 [0] $0$memwr$\weight_mem$rtl/top.sv:132$1_EN[255:0]$5 [0] $0$memwr$\weight_mem$rtl/top.sv:132$1_EN[255:0]$5 [0] $0$memwr$\weight_mem$rtl/top.sv:132$1_EN[255:0]$5 [0] $0$memwr$\weight_mem$rtl/top.sv:132$1_EN[255:0]$5 [0] $0$memwr$\weight_mem$rtl/top.sv:132$1_EN[255:0]$5 [0] $0$memwr$\weight_mem$rtl/top.sv:132$1_EN[255:0]$5 [0] $0$memwr$\weight_mem$rtl/top.sv:132$1_EN[255:0]$5 [0] $0$memwr$\weight_mem$rtl/top.sv:132$1_EN[255:0]$5 [0] $0$memwr$\weight_mem$rtl/top.sv:132$1_EN[255:0]$5 [0] $0$memwr$\weight_mem$rtl/top.sv:132$1_EN[255:0]$5 [0] $0$memwr$\weight_mem$rtl/top.sv:132$1_EN[255:0]$5 [0] $0$memwr$\weight_mem$rtl/top.sv:132$1_EN[255:0]$5 [0] $0$memwr$\weight_mem$rtl/top.sv:132$1_EN[255:0]$5 [0] $0$memwr$\weight_mem$rtl/top.sv:132$1_EN[255:0]$5 [0] $0$memwr$\weight_mem$rtl/top.sv:132$1_EN[255:0]$5 [0] $0$memwr$\weight_mem$rtl/top.sv:132$1_EN[255:0]$5 [0] $0$memwr$\weight_mem$rtl/top.sv:132$1_EN[255:0]$5 [0] $0$memwr$\weight_mem$rtl/top.sv:132$1_EN[255:0]$5 [0] $0$memwr$\weight_mem$rtl/top.sv:132$1_EN[255:0]$5 [0] $0$memwr$\weight_mem$rtl/top.sv:132$1_EN[255:0]$5 [0] $0$memwr$\weight_mem$rtl/top.sv:132$1_EN[255:0]$5 [0] $0$memwr$\weight_mem$rtl/top.sv:132$1_EN[255:0]$5 [0] $0$memwr$\weight_mem$rtl/top.sv:132$1_EN[255:0]$5 [0] $0$memwr$\weight_mem$rtl/top.sv:132$1_EN[255:0]$5 [0] $0$memwr$\weight_mem$rtl/top.sv:132$1_EN[255:0]$5 [0] $0$memwr$\weight_mem$rtl/top.sv:132$1_EN[255:0]$5 [0] $0$memwr$\weight_mem$rtl/top.sv:132$1_EN[255:0]$5 [0] $0$memwr$\weight_mem$rtl/top.sv:132$1_EN[255:0]$5 [0] $0$memwr$\weight_mem$rtl/top.sv:132$1_EN[255:0]$5 [0] $0$memwr$\weight_mem$rtl/top.sv:132$1_EN[255:0]$5 [0] $0$memwr$\weight_mem$rtl/top.sv:132$1_EN[255:0]$5 [0] $0$memwr$\weight_mem$rtl/top.sv:132$1_EN[255:0]$5 [0] $0$memwr$\weight_mem$rtl/top.sv:132$1_EN[255:0]$5 [0] $0$memwr$\weight_mem$rtl/top.sv:132$1_EN[255:0]$5 [0] $0$memwr$\weight_mem$rtl/top.sv:132$1_EN[255:0]$5 [0] $0$memwr$\weight_mem$rtl/top.sv:132$1_EN[255:0]$5 [0] $0$memwr$\weight_mem$rtl/top.sv:132$1_EN[255:0]$5 [0] $0$memwr$\weight_mem$rtl/top.sv:132$1_EN[255:0]$5 [0] $0$memwr$\weight_mem$rtl/top.sv:132$1_EN[255:0]$5 [0] $0$memwr$\weight_mem$rtl/top.sv:132$1_EN[255:0]$5 [0] $0$memwr$\weight_mem$rtl/top.sv:132$1_EN[255:0]$5 [0] $0$memwr$\weight_mem$rtl/top.sv:132$1_EN[255:0]$5 [0] $0$memwr$\weight_mem$rtl/top.sv:132$1_EN[255:0]$5 [0] $0$memwr$\weight_mem$rtl/top.sv:132$1_EN[255:0]$5 [0] $0$memwr$\weight_mem$rtl/top.sv:132$1_EN[255:0]$5 [0] $0$memwr$\weight_mem$rtl/top.sv:132$1_EN[255:0]$5 [0] $0$memwr$\weight_mem$rtl/top.sv:132$1_EN[255:0]$5 [0] $0$memwr$\weight_mem$rtl/top.sv:132$1_EN[255:0]$5 [0] $0$memwr$\weight_mem$rtl/top.sv:132$1_EN[255:0]$5 [0] $0$memwr$\weight_mem$rtl/top.sv:132$1_EN[255:0]$5 [0] $0$memwr$\weight_mem$rtl/top.sv:132$1_EN[255:0]$5 [0] $0$memwr$\weight_mem$rtl/top.sv:132$1_EN[255:0]$5 [0] $0$memwr$\weight_mem$rtl/top.sv:132$1_EN[255:0]$5 [0] $0$memwr$\weight_mem$rtl/top.sv:132$1_EN[255:0]$5 [0] $0$memwr$\weight_mem$rtl/top.sv:132$1_EN[255:0]$5 [0] $0$memwr$\weight_mem$rtl/top.sv:132$1_EN[255:0]$5 [0] $0$memwr$\weight_mem$rtl/top.sv:132$1_EN[255:0]$5 [0] $0$memwr$\weight_mem$rtl/top.sv:132$1_EN[255:0]$5 [0] $0$memwr$\weight_mem$rtl/top.sv:132$1_EN[255:0]$5 [0] $0$memwr$\weight_mem$rtl/top.sv:132$1_EN[255:0]$5 [0] $0$memwr$\weight_mem$rtl/top.sv:132$1_EN[255:0]$5 [0] $0$memwr$\weight_mem$rtl/top.sv:132$1_EN[255:0]$5 [0] $0$memwr$\weight_mem$rtl/top.sv:132$1_EN[255:0]$5 [0] $0$memwr$\weight_mem$rtl/top.sv:132$1_EN[255:0]$5 [0] $0$memwr$\weight_mem$rtl/top.sv:132$1_EN[255:0]$5 [0] $0$memwr$\weight_mem$rtl/top.sv:132$1_EN[255:0]$5 [0] $0$memwr$\weight_mem$rtl/top.sv:132$1_EN[255:0]$5 [0] $0$memwr$\weight_mem$rtl/top.sv:132$1_EN[255:0]$5 [0] $0$memwr$\weight_mem$rtl/top.sv:132$1_EN[255:0]$5 [0] $0$memwr$\weight_mem$rtl/top.sv:132$1_EN[255:0]$5 [0] $0$memwr$\weight_mem$rtl/top.sv:132$1_EN[255:0]$5 [0] $0$memwr$\weight_mem$rtl/top.sv:132$1_EN[255:0]$5 [0] $0$memwr$\weight_mem$rtl/top.sv:132$1_EN[255:0]$5 [0] $0$memwr$\weight_mem$rtl/top.sv:132$1_EN[255:0]$5 [0] $0$memwr$\weight_mem$rtl/top.sv:132$1_EN[255:0]$5 [0] $0$memwr$\weight_mem$rtl/top.sv:132$1_EN[255:0]$5 [0] $0$memwr$\weight_mem$rtl/top.sv:132$1_EN[255:0]$5 [0] $0$memwr$\weight_mem$rtl/top.sv:132$1_EN[255:0]$5 [0] $0$memwr$\weight_mem$rtl/top.sv:132$1_EN[255:0]$5 [0] $0$memwr$\weight_mem$rtl/top.sv:132$1_EN[255:0]$5 [0] $0$memwr$\weight_mem$rtl/top.sv:132$1_EN[255:0]$5 [0] $0$memwr$\weight_mem$rtl/top.sv:132$1_EN[255:0]$5 [0] $0$memwr$\weight_mem$rtl/top.sv:132$1_EN[255:0]$5 [0] $0$memwr$\weight_mem$rtl/top.sv:132$1_EN[255:0]$5 [0] $0$memwr$\weight_mem$rtl/top.sv:132$1_EN[255:0]$5 [0] $0$memwr$\weight_mem$rtl/top.sv:132$1_EN[255:0]$5 [0] $0$memwr$\weight_mem$rtl/top.sv:132$1_EN[255:0]$5 [0] }
  Optimizing cells in module \bnn_top.
Performed a total of 3 changes.

5.7.5. Executing OPT_MERGE pass (detect identical cells).
Finding identical cells in module `\bnn_top'.
Computing hashes of 329 cells of `\bnn_top'.
Finding duplicate cells in `\bnn_top'.
Removed a total of 0 cells.

5.7.6. Executing OPT_DFF pass (perform DFF optimizations).

5.7.7. Executing OPT_CLEAN pass (remove unused cells and wires).
Finding unused cells or wires in module \bnn_top..
Removed 0 unused cells and 2 unused wires.
<suppressed ~1 debug messages>

5.7.8. Executing OPT_EXPR pass (perform const folding).
Optimizing module bnn_top.

5.7.9. Rerunning OPT passes. (Maybe there is more to do..)

5.7.10. Executing OPT_MUXTREE pass (detect dead branches in mux trees).
Running muxtree optimizer on module \bnn_top..
  Creating internal representation of mux trees.
  Evaluating internal representation of mux trees.
  Analyzing evaluation results.
Removed 0 multiplexer ports.
<suppressed ~55 debug messages>

5.7.11. Executing OPT_REDUCE pass (consolidate $*mux and $reduce_* inputs).
  Optimizing cells in module \bnn_top.
Performed a total of 0 changes.

5.7.12. Executing OPT_MERGE pass (detect identical cells).
Finding identical cells in module `\bnn_top'.
Computing hashes of 329 cells of `\bnn_top'.
Finding duplicate cells in `\bnn_top'.
Removed a total of 0 cells.

5.7.13. Executing OPT_DFF pass (perform DFF optimizations).
Setting constant 0-bit at position 0 on $flatten\u_axis_if.$procdff$724 ($dff) from module bnn_top.

5.7.14. Executing OPT_CLEAN pass (remove unused cells and wires).
Finding unused cells or wires in module \bnn_top..

5.7.15. Executing OPT_EXPR pass (perform const folding).
Optimizing module bnn_top.
<suppressed ~3 debug messages>

5.7.16. Rerunning OPT passes. (Maybe there is more to do..)

5.7.17. Executing OPT_MUXTREE pass (detect dead branches in mux trees).
Running muxtree optimizer on module \bnn_top..
  Creating internal representation of mux trees.
  Evaluating internal representation of mux trees.
  Analyzing evaluation results.
Removed 0 multiplexer ports.
<suppressed ~53 debug messages>

5.7.18. Executing OPT_REDUCE pass (consolidate $*mux and $reduce_* inputs).
  Optimizing cells in module \bnn_top.
Performed a total of 0 changes.

5.7.19. Executing OPT_MERGE pass (detect identical cells).
Finding identical cells in module `\bnn_top'.
Computing hashes of 325 cells of `\bnn_top'.
Finding duplicate cells in `\bnn_top'.
Removed a total of 0 cells.

5.7.20. Executing OPT_DFF pass (perform DFF optimizations).

5.7.21. Executing OPT_CLEAN pass (remove unused cells and wires).
Finding unused cells or wires in module \bnn_top..
Removed 2 unused cells and 4 unused wires.
<suppressed ~4 debug messages>

5.7.22. Executing OPT_EXPR pass (perform const folding).
Optimizing module bnn_top.

5.7.23. Rerunning OPT passes. (Maybe there is more to do..)

5.7.24. Executing OPT_MUXTREE pass (detect dead branches in mux trees).
Running muxtree optimizer on module \bnn_top..
  Creating internal representation of mux trees.
  Evaluating internal representation of mux trees.
  Analyzing evaluation results.
Removed 0 multiplexer ports.
<suppressed ~51 debug messages>

5.7.25. Executing OPT_REDUCE pass (consolidate $*mux and $reduce_* inputs).
  Optimizing cells in module \bnn_top.
Performed a total of 0 changes.

5.7.26. Executing OPT_MERGE pass (detect identical cells).
Finding identical cells in module `\bnn_top'.
Computing hashes of 323 cells of `\bnn_top'.
Finding duplicate cells in `\bnn_top'.
Removed a total of 0 cells.

5.7.27. Executing OPT_DFF pass (perform DFF optimizations).

5.7.28. Executing OPT_CLEAN pass (remove unused cells and wires).
Finding unused cells or wires in module \bnn_top..

5.7.29. Executing OPT_EXPR pass (perform const folding).
Optimizing module bnn_top.

5.7.30. Finished fast OPT passes. (There is nothing left to do.)

5.8. Executing FSM pass (extract and optimize FSM).

5.8.1. Executing FSM_DETECT pass (finding FSMs in design).

5.8.2. Executing FSM_EXTRACT pass (extracting FSM from design).

5.8.3. Executing FSM_OPT pass (simple optimizations of FSMs).

5.8.4. Executing OPT_CLEAN pass (remove unused cells and wires).
Finding unused cells or wires in module \bnn_top..

5.8.5. Executing FSM_OPT pass (simple optimizations of FSMs).

5.8.6. Executing FSM_RECODE pass (re-assigning FSM state encoding).

5.8.7. Executing FSM_INFO pass (dumping all available information on FSM cells).

5.8.8. Executing FSM_MAP pass (mapping FSMs to basic logic).

5.9. Executing OPT pass (performing simple optimizations).

5.9.1. Executing OPT_EXPR pass (perform const folding).
Optimizing module bnn_top.

5.9.2. Executing OPT_MERGE pass (detect identical cells).
Finding identical cells in module `\bnn_top'.
Computing hashes of 323 cells of `\bnn_top'.
Finding duplicate cells in `\bnn_top'.
Removed a total of 0 cells.

5.9.3. Executing OPT_MUXTREE pass (detect dead branches in mux trees).
Running muxtree optimizer on module \bnn_top..
  Creating internal representation of mux trees.
  Evaluating internal representation of mux trees.
  Analyzing evaluation results.
Removed 0 multiplexer ports.
<suppressed ~51 debug messages>

5.9.4. Executing OPT_REDUCE pass (consolidate $*mux and $reduce_* inputs).
  Optimizing cells in module \bnn_top.
Performed a total of 0 changes.

5.9.5. Executing OPT_MERGE pass (detect identical cells).
Finding identical cells in module `\bnn_top'.
Computing hashes of 323 cells of `\bnn_top'.
Finding duplicate cells in `\bnn_top'.
Removed a total of 0 cells.

5.9.6. Executing OPT_DFF pass (perform DFF optimizations).
Adding SRST signal on $flatten\u_core.$procdff$718 ($dff) from module bnn_top (D = \accum_clear, Q = \u_core.accum_clear_r, rval = 1'0).
Adding SRST signal on $procdff$725 ($dff) from module bnn_top (D = $procmux$653_Y, Q = \tile_count, rval = 16'0000000000000000).
Adding EN signal on $auto$ff.cc:337:slice$741 ($sdff) from module bnn_top (D = $add$rtl/top.sv:277$32_Y, Q = \tile_count).
Adding SRST signal on $procdff$726 ($dff) from module bnn_top (D = $procmux$667_Y, Q = \result_reg, rval = 0).
Adding EN signal on $auto$ff.cc:337:slice$743 ($sdff) from module bnn_top (D = \u_core.accum_out, Q = \result_reg).
Adding SRST signal on $procdff$727 ($dff) from module bnn_top (D = $procmux$661_Y, Q = \result_valid, rval = 1'0).
Adding EN signal on $auto$ff.cc:337:slice$745 ($sdff) from module bnn_top (D = $procmux$661_Y, Q = \result_valid).
Adding SRST signal on $procdff$728 ($dff) from module bnn_top (D = \last_beat_r2, Q = \accum_clear, rval = 1'0).
Adding SRST signal on $procdff$729 ($dff) from module bnn_top (D = \last_beat, Q = \last_beat_r1, rval = 1'0).
Adding SRST signal on $procdff$730 ($dff) from module bnn_top (D = \last_beat_r1, Q = \last_beat_r2, rval = 1'0).
Adding SRST signal on $procdff$731 ($dff) from module bnn_top (D = $procmux$693_Y, Q = \beat_ctr, rval = 3'000).
Adding EN signal on $auto$ff.cc:337:slice$752 ($sdff) from module bnn_top (D = $procmux$691_Y, Q = \beat_ctr).
Adding SRST signal on $procdff$732 ($dff) from module bnn_top (D = $procmux$684_Y, Q = \beats_this_tile, rval = 4'0101).
Adding EN signal on $auto$ff.cc:337:slice$754 ($sdff) from module bnn_top (D = $procmux$684_Y, Q = \beats_this_tile).
Adding SRST signal on $procdff$733 ($dff) from module bnn_top (D = $procmux$701_Y, Q = \w_ptr, rval = 11'00000000000).
Adding EN signal on $auto$ff.cc:337:slice$762 ($sdff) from module bnn_top (D = $procmux$699_Y, Q = \w_ptr).
Adding SRST signal on $flatten\u_axis_if.$procdff$723 ($dff) from module bnn_top (D = $flatten\u_axis_if.$procmux$603_Y, Q = \u_axis_if.m_reg_valid, rval = 1'0).
Adding SRST signal on $flatten\u_axis_if.$procdff$719 ($dff) from module bnn_top (D = $flatten\u_axis_if.$procmux$643_Y, Q = \u_axis_if.m_reg_data, rval = 256'0000000000000000000000000000000000000000000000000000000000000000000000000000000000000000000000000000000000000000000000000000000000000000000000000000000000000000000000000000000000000000000000000000000000000000000000000000000000000000000000000000000000000000).
Adding EN signal on $auto$ff.cc:337:slice$765 ($sdff) from module bnn_top (D = \s_axis_tdata, Q = \u_axis_if.m_reg_data).
Adding SRST signal on $flatten\u_core.$procdff$716 ($dff) from module bnn_top (D = \u_core.xnor_bits, Q = \u_core.xnor_reg, rval = 256'0000000000000000000000000000000000000000000000000000000000000000000000000000000000000000000000000000000000000000000000000000000000000000000000000000000000000000000000000000000000000000000000000000000000000000000000000000000000000000000000000000000000000000).
Adding SRST signal on $flatten\u_core.$procdff$715 ($dff) from module bnn_top (D = $flatten\u_core.$procmux$573_Y, Q = \u_core.accum_out, rval = 0).
Adding EN signal on $auto$ff.cc:337:slice$768 ($sdff) from module bnn_top (D = $flatten\u_core.$add$../../project/m2/rtl/compute_core.sv:114$572_Y, Q = \u_core.accum_out).
Adding SRST signal on $flatten\u_core.$procdff$717 ($dff) from module bnn_top (D = \u_axis_if.m_reg_valid, Q = \u_core.s_valid_r, rval = 1'0).

5.9.7. Executing OPT_CLEAN pass (remove unused cells and wires).
Finding unused cells or wires in module \bnn_top..
Removed 22 unused cells and 22 unused wires.
<suppressed ~23 debug messages>

5.9.8. Executing OPT_EXPR pass (perform const folding).
Optimizing module bnn_top.
<suppressed ~2 debug messages>

5.9.9. Rerunning OPT passes. (Maybe there is more to do..)

5.9.10. Executing OPT_MUXTREE pass (detect dead branches in mux trees).
Running muxtree optimizer on module \bnn_top..
  Creating internal representation of mux trees.
  Evaluating internal representation of mux trees.
  Analyzing evaluation results.
Removed 0 multiplexer ports.
<suppressed ~19 debug messages>

5.9.11. Executing OPT_REDUCE pass (consolidate $*mux and $reduce_* inputs).
  Optimizing cells in module \bnn_top.
Performed a total of 0 changes.

5.9.12. Executing OPT_MERGE pass (detect identical cells).
Finding identical cells in module `\bnn_top'.
Computing hashes of 306 cells of `\bnn_top'.
Finding duplicate cells in `\bnn_top'.
Removed a total of 0 cells.

5.9.13. Executing OPT_DFF pass (perform DFF optimizations).

5.9.14. Executing OPT_CLEAN pass (remove unused cells and wires).
Finding unused cells or wires in module \bnn_top..

5.9.15. Executing OPT_EXPR pass (perform const folding).
Optimizing module bnn_top.

5.9.16. Finished fast OPT passes. (There is nothing left to do.)

5.10. Executing WREDUCE pass (reducing word size of cells).
Removed top 31 bits (of 32) from port B of cell bnn_top.$sub$rtl/top.sv:184$15 ($sub).
Removed top 29 bits (of 32) from port Y of cell bnn_top.$sub$rtl/top.sv:184$15 ($sub).
Removed top 1 bits (of 4) from port A of cell bnn_top.$sub$rtl/top.sv:184$15 ($sub).
Removed top 22 bits (of 32) from port A of cell bnn_top.$flatten\u_core.$sub$../../project/m2/rtl/compute_core.sv:104$570 ($sub).
Removed top 23 bits (of 32) from port B of cell bnn_top.$flatten\u_core.$sub$../../project/m2/rtl/compute_core.sv:104$570 ($sub).
Removed top 21 bits (of 32) from port Y of cell bnn_top.$flatten\u_core.$sub$../../project/m2/rtl/compute_core.sv:104$570 ($sub).
Removed top 8 bits (of 9) from port A of cell bnn_top.$flatten\u_core.$add$../../project/m2/rtl/compute_core.sv:98$314 ($add).
Removed top 7 bits (of 9) from port Y of cell bnn_top.$flatten\u_core.$add$../../project/m2/rtl/compute_core.sv:98$314 ($add).
Removed top 1 bits (of 4) from FF cell bnn_top.$auto$ff.cc:337:slice$755 ($sdffe).
Removed top 1 bits (of 4) from mux cell bnn_top.$procmux$684 ($mux).
Removed top 1 bits (of 4) from mux cell bnn_top.$procmux$678 ($mux).
Removed top 1 bits (of 4) from mux cell bnn_top.$procmux$682 ($mux).
Removed top 1 bits (of 4) from wire bnn_top.$procmux$684_Y.
Removed top 1 bits (of 4) from wire bnn_top.$procmux$682_Y.
Removed top 1 bits (of 4) from wire bnn_top.$procmux$678_Y.
Removed top 7 bits (of 9) from wire bnn_top.$flatten\u_core.$add$../../project/m2/rtl/compute_core.sv:98$314_Y.
Removed top 29 bits (of 32) from wire bnn_top.$sub$rtl/top.sv:184$15_Y.
Removed top 1 bits (of 4) from wire bnn_top.beats_this_tile.

5.11. Executing PEEPOPT pass (run peephole optimizers).

5.12. Executing OPT_CLEAN pass (remove unused cells and wires).
Finding unused cells or wires in module \bnn_top..
Removed 0 unused cells and 6 unused wires.
<suppressed ~1 debug messages>

5.13. Executing ALUMACC pass (create $alu and $macc cells).
Extracting $alu and $macc cells in module bnn_top:
  creating $macc model for $flatten\u_core.$add$../../project/m2/rtl/compute_core.sv:98$362 ($add).
  creating $macc model for $flatten\u_core.$add$../../project/m2/rtl/compute_core.sv:98$363 ($add).
  creating $macc model for $flatten\u_core.$add$../../project/m2/rtl/compute_core.sv:98$364 ($add).
  creating $macc model for $flatten\u_core.$add$../../project/m2/rtl/compute_core.sv:98$365 ($add).
  creating $macc model for $flatten\u_core.$add$../../project/m2/rtl/compute_core.sv:98$366 ($add).
  creating $macc model for $flatten\u_core.$add$../../project/m2/rtl/compute_core.sv:98$367 ($add).
  creating $macc model for $flatten\u_core.$add$../../project/m2/rtl/compute_core.sv:98$368 ($add).
  creating $macc model for $flatten\u_core.$add$../../project/m2/rtl/compute_core.sv:98$369 ($add).
  creating $macc model for $flatten\u_core.$add$../../project/m2/rtl/compute_core.sv:98$370 ($add).
  creating $macc model for $flatten\u_core.$add$../../project/m2/rtl/compute_core.sv:98$371 ($add).
  creating $macc model for $flatten\u_core.$add$../../project/m2/rtl/compute_core.sv:98$372 ($add).
  creating $macc model for $flatten\u_core.$add$../../project/m2/rtl/compute_core.sv:98$373 ($add).
  creating $macc model for $flatten\u_core.$add$../../project/m2/rtl/compute_core.sv:98$374 ($add).
  creating $macc model for $flatten\u_core.$add$../../project/m2/rtl/compute_core.sv:98$375 ($add).
  creating $macc model for $flatten\u_core.$add$../../project/m2/rtl/compute_core.sv:98$376 ($add).
  creating $macc model for $flatten\u_core.$add$../../project/m2/rtl/compute_core.sv:98$377 ($add).
  creating $macc model for $flatten\u_core.$add$../../project/m2/rtl/compute_core.sv:98$378 ($add).
  creating $macc model for $flatten\u_core.$add$../../project/m2/rtl/compute_core.sv:98$379 ($add).
  creating $macc model for $flatten\u_core.$add$../../project/m2/rtl/compute_core.sv:98$380 ($add).
  creating $macc model for $flatten\u_core.$add$../../project/m2/rtl/compute_core.sv:98$381 ($add).
  creating $macc model for $flatten\u_core.$add$../../project/m2/rtl/compute_core.sv:98$382 ($add).
  creating $macc model for $flatten\u_core.$add$../../project/m2/rtl/compute_core.sv:98$383 ($add).
  creating $macc model for $flatten\u_core.$add$../../project/m2/rtl/compute_core.sv:98$384 ($add).
  creating $macc model for $flatten\u_core.$add$../../project/m2/rtl/compute_core.sv:98$385 ($add).
  creating $macc model for $flatten\u_core.$add$../../project/m2/rtl/compute_core.sv:98$386 ($add).
  creating $macc model for $flatten\u_core.$add$../../project/m2/rtl/compute_core.sv:98$387 ($add).
  creating $macc model for $flatten\u_core.$add$../../project/m2/rtl/compute_core.sv:98$388 ($add).
  creating $macc model for $flatten\u_core.$add$../../project/m2/rtl/compute_core.sv:98$389 ($add).
  creating $macc model for $flatten\u_core.$add$../../project/m2/rtl/compute_core.sv:98$390 ($add).
  creating $macc model for $flatten\u_core.$add$../../project/m2/rtl/compute_core.sv:98$391 ($add).
  creating $macc model for $flatten\u_core.$add$../../project/m2/rtl/compute_core.sv:98$392 ($add).
  creating $macc model for $flatten\u_core.$add$../../project/m2/rtl/compute_core.sv:98$393 ($add).
  creating $macc model for $flatten\u_core.$add$../../project/m2/rtl/compute_core.sv:98$394 ($add).
  creating $macc model for $flatten\u_core.$add$../../project/m2/rtl/compute_core.sv:98$395 ($add).
  creating $macc model for $flatten\u_core.$add$../../project/m2/rtl/compute_core.sv:98$396 ($add).
  creating $macc model for $flatten\u_core.$add$../../project/m2/rtl/compute_core.sv:98$397 ($add).
  creating $macc model for $flatten\u_core.$add$../../project/m2/rtl/compute_core.sv:98$398 ($add).
  creating $macc model for $flatten\u_core.$add$../../project/m2/rtl/compute_core.sv:98$399 ($add).
  creating $macc model for $flatten\u_core.$add$../../project/m2/rtl/compute_core.sv:98$400 ($add).
  creating $macc model for $flatten\u_core.$add$../../project/m2/rtl/compute_core.sv:98$401 ($add).
  creating $macc model for $flatten\u_core.$add$../../project/m2/rtl/compute_core.sv:98$402 ($add).
  creating $macc model for $flatten\u_core.$add$../../project/m2/rtl/compute_core.sv:98$403 ($add).
  creating $macc model for $flatten\u_core.$add$../../project/m2/rtl/compute_core.sv:98$404 ($add).
  creating $macc model for $flatten\u_core.$add$../../project/m2/rtl/compute_core.sv:98$405 ($add).
  creating $macc model for $flatten\u_core.$add$../../project/m2/rtl/compute_core.sv:98$406 ($add).
  creating $macc model for $flatten\u_core.$add$../../project/m2/rtl/compute_core.sv:98$407 ($add).
  creating $macc model for $flatten\u_core.$add$../../project/m2/rtl/compute_core.sv:98$408 ($add).
  creating $macc model for $flatten\u_core.$add$../../project/m2/rtl/compute_core.sv:98$409 ($add).
  creating $macc model for $flatten\u_core.$add$../../project/m2/rtl/compute_core.sv:98$410 ($add).
  creating $macc model for $flatten\u_core.$add$../../project/m2/rtl/compute_core.sv:98$411 ($add).
  creating $macc model for $flatten\u_core.$add$../../project/m2/rtl/compute_core.sv:98$412 ($add).
  creating $macc model for $flatten\u_core.$add$../../project/m2/rtl/compute_core.sv:98$413 ($add).
  creating $macc model for $flatten\u_core.$add$../../project/m2/rtl/compute_core.sv:98$414 ($add).
  creating $macc model for $flatten\u_core.$add$../../project/m2/rtl/compute_core.sv:98$415 ($add).
  creating $macc model for $flatten\u_core.$add$../../project/m2/rtl/compute_core.sv:98$416 ($add).
  creating $macc model for $flatten\u_core.$add$../../project/m2/rtl/compute_core.sv:98$417 ($add).
  creating $macc model for $flatten\u_core.$add$../../project/m2/rtl/compute_core.sv:98$418 ($add).
  creating $macc model for $flatten\u_core.$add$../../project/m2/rtl/compute_core.sv:98$419 ($add).
  creating $macc model for $flatten\u_core.$add$../../project/m2/rtl/compute_core.sv:98$420 ($add).
  creating $macc model for $flatten\u_core.$add$../../project/m2/rtl/compute_core.sv:98$421 ($add).
  creating $macc model for $flatten\u_core.$add$../../project/m2/rtl/compute_core.sv:98$422 ($add).
  creating $macc model for $flatten\u_core.$add$../../project/m2/rtl/compute_core.sv:98$423 ($add).
  creating $macc model for $flatten\u_core.$add$../../project/m2/rtl/compute_core.sv:98$424 ($add).
  creating $macc model for $flatten\u_core.$add$../../project/m2/rtl/compute_core.sv:98$425 ($add).
  creating $macc model for $flatten\u_core.$add$../../project/m2/rtl/compute_core.sv:98$426 ($add).
  creating $macc model for $flatten\u_core.$add$../../project/m2/rtl/compute_core.sv:98$427 ($add).
  creating $macc model for $flatten\u_core.$add$../../project/m2/rtl/compute_core.sv:98$428 ($add).
  creating $macc model for $flatten\u_core.$add$../../project/m2/rtl/compute_core.sv:98$429 ($add).
  creating $macc model for $flatten\u_core.$add$../../project/m2/rtl/compute_core.sv:98$430 ($add).
  creating $macc model for $flatten\u_core.$add$../../project/m2/rtl/compute_core.sv:98$431 ($add).
  creating $macc model for $flatten\u_core.$add$../../project/m2/rtl/compute_core.sv:98$432 ($add).
  creating $macc model for $flatten\u_core.$add$../../project/m2/rtl/compute_core.sv:98$433 ($add).
  creating $macc model for $flatten\u_core.$add$../../project/m2/rtl/compute_core.sv:98$434 ($add).
  creating $macc model for $flatten\u_core.$add$../../project/m2/rtl/compute_core.sv:98$435 ($add).
  creating $macc model for $flatten\u_core.$add$../../project/m2/rtl/compute_core.sv:98$436 ($add).
  creating $macc model for $flatten\u_core.$add$../../project/m2/rtl/compute_core.sv:98$437 ($add).
  creating $macc model for $flatten\u_core.$add$../../project/m2/rtl/compute_core.sv:98$438 ($add).
  creating $macc model for $flatten\u_core.$add$../../project/m2/rtl/compute_core.sv:98$439 ($add).
  creating $macc model for $flatten\u_core.$add$../../project/m2/rtl/compute_core.sv:98$440 ($add).
  creating $macc model for $flatten\u_core.$add$../../project/m2/rtl/compute_core.sv:98$441 ($add).
  creating $macc model for $flatten\u_core.$add$../../project/m2/rtl/compute_core.sv:98$442 ($add).
  creating $macc model for $flatten\u_core.$add$../../project/m2/rtl/compute_core.sv:98$443 ($add).
  creating $macc model for $flatten\u_core.$add$../../project/m2/rtl/compute_core.sv:98$444 ($add).
  creating $macc model for $flatten\u_core.$add$../../project/m2/rtl/compute_core.sv:98$445 ($add).
  creating $macc model for $flatten\u_core.$add$../../project/m2/rtl/compute_core.sv:98$446 ($add).
  creating $macc model for $flatten\u_core.$add$../../project/m2/rtl/compute_core.sv:98$447 ($add).
  creating $macc model for $flatten\u_core.$add$../../project/m2/rtl/compute_core.sv:98$448 ($add).
  creating $macc model for $flatten\u_core.$add$../../project/m2/rtl/compute_core.sv:98$449 ($add).
  creating $macc model for $flatten\u_core.$add$../../project/m2/rtl/compute_core.sv:98$450 ($add).
  creating $macc model for $flatten\u_core.$add$../../project/m2/rtl/compute_core.sv:98$451 ($add).
  creating $macc model for $flatten\u_core.$add$../../project/m2/rtl/compute_core.sv:98$452 ($add).
  creating $macc model for $flatten\u_core.$add$../../project/m2/rtl/compute_core.sv:98$453 ($add).
  creating $macc model for $flatten\u_core.$add$../../project/m2/rtl/compute_core.sv:98$454 ($add).
  creating $macc model for $flatten\u_core.$add$../../project/m2/rtl/compute_core.sv:98$455 ($add).
  creating $macc model for $flatten\u_core.$add$../../project/m2/rtl/compute_core.sv:98$456 ($add).
  creating $macc model for $flatten\u_core.$add$../../project/m2/rtl/compute_core.sv:98$457 ($add).
  creating $macc model for $flatten\u_core.$add$../../project/m2/rtl/compute_core.sv:98$458 ($add).
  creating $macc model for $flatten\u_core.$add$../../project/m2/rtl/compute_core.sv:98$459 ($add).
  creating $macc model for $flatten\u_core.$add$../../project/m2/rtl/compute_core.sv:98$460 ($add).
  creating $macc model for $flatten\u_core.$add$../../project/m2/rtl/compute_core.sv:98$461 ($add).
  creating $macc model for $flatten\u_core.$add$../../project/m2/rtl/compute_core.sv:98$462 ($add).
  creating $macc model for $flatten\u_core.$add$../../project/m2/rtl/compute_core.sv:98$463 ($add).
  creating $macc model for $flatten\u_core.$add$../../project/m2/rtl/compute_core.sv:98$464 ($add).
  creating $macc model for $flatten\u_core.$add$../../project/m2/rtl/compute_core.sv:98$465 ($add).
  creating $macc model for $flatten\u_core.$add$../../project/m2/rtl/compute_core.sv:98$466 ($add).
  creating $macc model for $flatten\u_core.$add$../../project/m2/rtl/compute_core.sv:98$467 ($add).
  creating $macc model for $flatten\u_core.$add$../../project/m2/rtl/compute_core.sv:98$468 ($add).
  creating $macc model for $flatten\u_core.$add$../../project/m2/rtl/compute_core.sv:98$469 ($add).
  creating $macc model for $flatten\u_core.$add$../../project/m2/rtl/compute_core.sv:98$470 ($add).
  creating $macc model for $flatten\u_core.$add$../../project/m2/rtl/compute_core.sv:98$471 ($add).
  creating $macc model for $flatten\u_core.$add$../../project/m2/rtl/compute_core.sv:98$472 ($add).
  creating $macc model for $flatten\u_core.$add$../../project/m2/rtl/compute_core.sv:98$473 ($add).
  creating $macc model for $flatten\u_core.$add$../../project/m2/rtl/compute_core.sv:98$474 ($add).
  creating $macc model for $flatten\u_core.$add$../../project/m2/rtl/compute_core.sv:98$475 ($add).
  creating $macc model for $flatten\u_core.$add$../../project/m2/rtl/compute_core.sv:98$476 ($add).
  creating $macc model for $flatten\u_core.$add$../../project/m2/rtl/compute_core.sv:98$477 ($add).
  creating $macc model for $flatten\u_core.$add$../../project/m2/rtl/compute_core.sv:98$478 ($add).
  creating $macc model for $flatten\u_core.$add$../../project/m2/rtl/compute_core.sv:98$479 ($add).
  creating $macc model for $flatten\u_core.$add$../../project/m2/rtl/compute_core.sv:98$480 ($add).
  creating $macc model for $flatten\u_core.$add$../../project/m2/rtl/compute_core.sv:98$481 ($add).
  creating $macc model for $flatten\u_core.$add$../../project/m2/rtl/compute_core.sv:98$482 ($add).
  creating $macc model for $flatten\u_core.$add$../../project/m2/rtl/compute_core.sv:98$483 ($add).
  creating $macc model for $flatten\u_core.$add$../../project/m2/rtl/compute_core.sv:98$484 ($add).
  creating $macc model for $flatten\u_core.$add$../../project/m2/rtl/compute_core.sv:98$485 ($add).
  creating $macc model for $flatten\u_core.$add$../../project/m2/rtl/compute_core.sv:98$486 ($add).
  creating $macc model for $flatten\u_core.$add$../../project/m2/rtl/compute_core.sv:98$487 ($add).
  creating $macc model for $flatten\u_core.$add$../../project/m2/rtl/compute_core.sv:98$488 ($add).
  creating $macc model for $flatten\u_core.$add$../../project/m2/rtl/compute_core.sv:98$489 ($add).
  creating $macc model for $flatten\u_core.$add$../../project/m2/rtl/compute_core.sv:98$490 ($add).
  creating $macc model for $flatten\u_core.$add$../../project/m2/rtl/compute_core.sv:98$491 ($add).
  creating $macc model for $flatten\u_core.$add$../../project/m2/rtl/compute_core.sv:98$492 ($add).
  creating $macc model for $flatten\u_core.$add$../../project/m2/rtl/compute_core.sv:98$493 ($add).
  creating $macc model for $flatten\u_core.$add$../../project/m2/rtl/compute_core.sv:98$494 ($add).
  creating $macc model for $flatten\u_core.$add$../../project/m2/rtl/compute_core.sv:98$495 ($add).
  creating $macc model for $flatten\u_core.$add$../../project/m2/rtl/compute_core.sv:98$496 ($add).
  creating $macc model for $flatten\u_core.$add$../../project/m2/rtl/compute_core.sv:98$497 ($add).
  creating $macc model for $flatten\u_core.$add$../../project/m2/rtl/compute_core.sv:98$498 ($add).
  creating $macc model for $flatten\u_core.$add$../../project/m2/rtl/compute_core.sv:98$499 ($add).
  creating $macc model for $flatten\u_core.$add$../../project/m2/rtl/compute_core.sv:98$500 ($add).
  creating $macc model for $flatten\u_core.$add$../../project/m2/rtl/compute_core.sv:98$501 ($add).
  creating $macc model for $flatten\u_core.$add$../../project/m2/rtl/compute_core.sv:98$502 ($add).
  creating $macc model for $flatten\u_core.$add$../../project/m2/rtl/compute_core.sv:98$503 ($add).
  creating $macc model for $flatten\u_core.$add$../../project/m2/rtl/compute_core.sv:98$504 ($add).
  creating $macc model for $flatten\u_core.$add$../../project/m2/rtl/compute_core.sv:98$505 ($add).
  creating $macc model for $flatten\u_core.$add$../../project/m2/rtl/compute_core.sv:98$506 ($add).
  creating $macc model for $flatten\u_core.$add$../../project/m2/rtl/compute_core.sv:98$507 ($add).
  creating $macc model for $flatten\u_core.$add$../../project/m2/rtl/compute_core.sv:98$508 ($add).
  creating $macc model for $flatten\u_core.$add$../../project/m2/rtl/compute_core.sv:98$509 ($add).
  creating $macc model for $flatten\u_core.$add$../../project/m2/rtl/compute_core.sv:98$510 ($add).
  creating $macc model for $flatten\u_core.$add$../../project/m2/rtl/compute_core.sv:98$511 ($add).
  creating $macc model for $flatten\u_core.$add$../../project/m2/rtl/compute_core.sv:98$512 ($add).
  creating $macc model for $flatten\u_core.$add$../../project/m2/rtl/compute_core.sv:98$513 ($add).
  creating $macc model for $flatten\u_core.$add$../../project/m2/rtl/compute_core.sv:98$514 ($add).
  creating $macc model for $flatten\u_core.$add$../../project/m2/rtl/compute_core.sv:98$515 ($add).
  creating $macc model for $flatten\u_core.$add$../../project/m2/rtl/compute_core.sv:98$516 ($add).
  creating $macc model for $flatten\u_core.$add$../../project/m2/rtl/compute_core.sv:98$517 ($add).
  creating $macc model for $flatten\u_core.$add$../../project/m2/rtl/compute_core.sv:98$518 ($add).
  creating $macc model for $flatten\u_core.$add$../../project/m2/rtl/compute_core.sv:98$519 ($add).
  creating $macc model for $flatten\u_core.$add$../../project/m2/rtl/compute_core.sv:98$520 ($add).
  creating $macc model for $flatten\u_core.$add$../../project/m2/rtl/compute_core.sv:98$521 ($add).
  creating $macc model for $flatten\u_core.$add$../../project/m2/rtl/compute_core.sv:98$522 ($add).
  creating $macc model for $flatten\u_core.$add$../../project/m2/rtl/compute_core.sv:98$523 ($add).
  creating $macc model for $flatten\u_core.$add$../../project/m2/rtl/compute_core.sv:98$524 ($add).
  creating $macc model for $flatten\u_core.$add$../../project/m2/rtl/compute_core.sv:98$525 ($add).
  creating $macc model for $flatten\u_core.$add$../../project/m2/rtl/compute_core.sv:98$526 ($add).
  creating $macc model for $flatten\u_core.$add$../../project/m2/rtl/compute_core.sv:98$527 ($add).
  creating $macc model for $flatten\u_core.$add$../../project/m2/rtl/compute_core.sv:98$528 ($add).
  creating $macc model for $flatten\u_core.$add$../../project/m2/rtl/compute_core.sv:98$529 ($add).
  creating $macc model for $flatten\u_core.$add$../../project/m2/rtl/compute_core.sv:98$530 ($add).
  creating $macc model for $flatten\u_core.$add$../../project/m2/rtl/compute_core.sv:98$531 ($add).
  creating $macc model for $flatten\u_core.$add$../../project/m2/rtl/compute_core.sv:98$532 ($add).
  creating $macc model for $flatten\u_core.$add$../../project/m2/rtl/compute_core.sv:98$533 ($add).
  creating $macc model for $flatten\u_core.$add$../../project/m2/rtl/compute_core.sv:98$534 ($add).
  creating $macc model for $flatten\u_core.$add$../../project/m2/rtl/compute_core.sv:98$535 ($add).
  creating $macc model for $flatten\u_core.$add$../../project/m2/rtl/compute_core.sv:98$536 ($add).
  creating $macc model for $flatten\u_core.$add$../../project/m2/rtl/compute_core.sv:98$537 ($add).
  creating $macc model for $flatten\u_core.$add$../../project/m2/rtl/compute_core.sv:98$538 ($add).
  creating $macc model for $flatten\u_core.$add$../../project/m2/rtl/compute_core.sv:98$539 ($add).
  creating $macc model for $flatten\u_core.$add$../../project/m2/rtl/compute_core.sv:98$540 ($add).
  creating $macc model for $flatten\u_core.$add$../../project/m2/rtl/compute_core.sv:98$541 ($add).
  creating $macc model for $flatten\u_core.$add$../../project/m2/rtl/compute_core.sv:98$542 ($add).
  creating $macc model for $flatten\u_core.$add$../../project/m2/rtl/compute_core.sv:98$543 ($add).
  creating $macc model for $flatten\u_core.$add$../../project/m2/rtl/compute_core.sv:98$544 ($add).
  creating $macc model for $flatten\u_core.$add$../../project/m2/rtl/compute_core.sv:98$545 ($add).
  creating $macc model for $flatten\u_core.$add$../../project/m2/rtl/compute_core.sv:98$546 ($add).
  creating $macc model for $flatten\u_core.$add$../../project/m2/rtl/compute_core.sv:98$547 ($add).
  creating $macc model for $flatten\u_core.$add$../../project/m2/rtl/compute_core.sv:98$548 ($add).
  creating $macc model for $flatten\u_core.$add$../../project/m2/rtl/compute_core.sv:98$549 ($add).
  creating $macc model for $flatten\u_core.$add$../../project/m2/rtl/compute_core.sv:98$550 ($add).
  creating $macc model for $flatten\u_core.$add$../../project/m2/rtl/compute_core.sv:98$551 ($add).
  creating $macc model for $flatten\u_core.$add$../../project/m2/rtl/compute_core.sv:98$552 ($add).
  creating $macc model for $flatten\u_core.$add$../../project/m2/rtl/compute_core.sv:98$553 ($add).
  creating $macc model for $flatten\u_core.$add$../../project/m2/rtl/compute_core.sv:98$554 ($add).
  creating $macc model for $flatten\u_core.$add$../../project/m2/rtl/compute_core.sv:98$555 ($add).
  creating $macc model for $flatten\u_core.$add$../../project/m2/rtl/compute_core.sv:98$556 ($add).
  creating $macc model for $flatten\u_core.$add$../../project/m2/rtl/compute_core.sv:98$557 ($add).
  creating $macc model for $flatten\u_core.$add$../../project/m2/rtl/compute_core.sv:98$558 ($add).
  creating $macc model for $flatten\u_core.$add$../../project/m2/rtl/compute_core.sv:98$559 ($add).
  creating $macc model for $flatten\u_core.$add$../../project/m2/rtl/compute_core.sv:98$560 ($add).
  creating $macc model for $flatten\u_core.$add$../../project/m2/rtl/compute_core.sv:98$561 ($add).
  creating $macc model for $flatten\u_core.$add$../../project/m2/rtl/compute_core.sv:98$562 ($add).
  creating $macc model for $flatten\u_core.$add$../../project/m2/rtl/compute_core.sv:98$563 ($add).
  creating $macc model for $flatten\u_core.$add$../../project/m2/rtl/compute_core.sv:98$564 ($add).
  creating $macc model for $flatten\u_core.$add$../../project/m2/rtl/compute_core.sv:98$565 ($add).
  creating $macc model for $flatten\u_core.$add$../../project/m2/rtl/compute_core.sv:98$566 ($add).
  creating $macc model for $flatten\u_core.$add$../../project/m2/rtl/compute_core.sv:98$567 ($add).
  creating $macc model for $flatten\u_core.$add$../../project/m2/rtl/compute_core.sv:98$568 ($add).
  creating $macc model for $flatten\u_core.$sub$../../project/m2/rtl/compute_core.sv:104$570 ($sub).
  creating $macc model for $flatten\u_core.$add$../../project/m2/rtl/compute_core.sv:114$572 ($add).
  creating $macc model for $flatten\u_core.$add$../../project/m2/rtl/compute_core.sv:98$361 ($add).
  creating $macc model for $flatten\u_core.$add$../../project/m2/rtl/compute_core.sv:98$360 ($add).
  creating $macc model for $flatten\u_core.$add$../../project/m2/rtl/compute_core.sv:98$359 ($add).
  creating $macc model for $flatten\u_core.$add$../../project/m2/rtl/compute_core.sv:98$358 ($add).
  creating $macc model for $flatten\u_core.$add$../../project/m2/rtl/compute_core.sv:98$357 ($add).
  creating $macc model for $flatten\u_core.$add$../../project/m2/rtl/compute_core.sv:98$356 ($add).
  creating $macc model for $flatten\u_core.$add$../../project/m2/rtl/compute_core.sv:98$320 ($add).
  creating $macc model for $flatten\u_core.$add$../../project/m2/rtl/compute_core.sv:98$336 ($add).
  creating $macc model for $flatten\u_core.$add$../../project/m2/rtl/compute_core.sv:98$321 ($add).
  creating $macc model for $flatten\u_core.$add$../../project/m2/rtl/compute_core.sv:98$335 ($add).
  creating $macc model for $flatten\u_core.$add$../../project/m2/rtl/compute_core.sv:98$334 ($add).
  creating $macc model for $flatten\u_core.$add$../../project/m2/rtl/compute_core.sv:98$337 ($add).
  creating $macc model for $flatten\u_core.$add$../../project/m2/rtl/compute_core.sv:98$319 ($add).
  creating $macc model for $flatten\u_core.$add$../../project/m2/rtl/compute_core.sv:98$338 ($add).
  creating $macc model for $flatten\u_core.$add$../../project/m2/rtl/compute_core.sv:98$341 ($add).
  creating $macc model for $flatten\u_core.$add$../../project/m2/rtl/compute_core.sv:98$318 ($add).
  creating $macc model for $flatten\u_core.$add$../../project/m2/rtl/compute_core.sv:98$355 ($add).
  creating $macc model for $flatten\u_core.$add$../../project/m2/rtl/compute_core.sv:98$333 ($add).
  creating $macc model for $flatten\u_core.$add$../../project/m2/rtl/compute_core.sv:98$317 ($add).
  creating $macc model for $flatten\u_core.$add$../../project/m2/rtl/compute_core.sv:98$332 ($add).
  creating $macc model for $flatten\u_core.$add$../../project/m2/rtl/compute_core.sv:98$331 ($add).
  creating $macc model for $flatten\u_core.$add$../../project/m2/rtl/compute_core.sv:98$330 ($add).
  creating $macc model for $flatten\u_core.$add$../../project/m2/rtl/compute_core.sv:98$316 ($add).
  creating $macc model for $flatten\u_core.$add$../../project/m2/rtl/compute_core.sv:98$329 ($add).
  creating $macc model for $flatten\u_core.$add$../../project/m2/rtl/compute_core.sv:98$328 ($add).
  creating $macc model for $flatten\u_core.$add$../../project/m2/rtl/compute_core.sv:98$315 ($add).
  creating $macc model for $flatten\u_core.$add$../../project/m2/rtl/compute_core.sv:98$344 ($add).
  creating $macc model for $flatten\u_core.$add$../../project/m2/rtl/compute_core.sv:98$354 ($add).
  creating $macc model for $flatten\u_core.$add$../../project/m2/rtl/compute_core.sv:98$340 ($add).
  creating $macc model for $flatten\u_core.$add$../../project/m2/rtl/compute_core.sv:98$314 ($add).
  creating $macc model for $flatten\u_core.$add$../../project/m2/rtl/compute_core.sv:98$353 ($add).
  creating $macc model for $flatten\u_core.$add$../../project/m2/rtl/compute_core.sv:98$343 ($add).
  creating $macc model for $flatten\u_core.$add$../../project/m2/rtl/compute_core.sv:98$327 ($add).
  creating $macc model for $flatten\u_core.$add$../../project/m2/rtl/compute_core.sv:98$326 ($add).
  creating $macc model for $flatten\u_core.$add$../../project/m2/rtl/compute_core.sv:98$339 ($add).
  creating $macc model for $flatten\u_core.$add$../../project/m2/rtl/compute_core.sv:98$325 ($add).
  creating $macc model for $flatten\u_core.$add$../../project/m2/rtl/compute_core.sv:98$324 ($add).
  creating $macc model for $flatten\u_core.$add$../../project/m2/rtl/compute_core.sv:98$323 ($add).
  creating $macc model for $flatten\u_core.$add$../../project/m2/rtl/compute_core.sv:98$352 ($add).
  creating $macc model for $flatten\u_core.$add$../../project/m2/rtl/compute_core.sv:98$351 ($add).
  creating $macc model for $flatten\u_core.$add$../../project/m2/rtl/compute_core.sv:98$350 ($add).
  creating $macc model for $flatten\u_core.$add$../../project/m2/rtl/compute_core.sv:98$349 ($add).
  creating $macc model for $flatten\u_core.$add$../../project/m2/rtl/compute_core.sv:98$348 ($add).
  creating $macc model for $flatten\u_core.$add$../../project/m2/rtl/compute_core.sv:98$347 ($add).
  creating $macc model for $flatten\u_core.$add$../../project/m2/rtl/compute_core.sv:98$346 ($add).
  creating $macc model for $flatten\u_core.$add$../../project/m2/rtl/compute_core.sv:98$345 ($add).
  creating $macc model for $add$rtl/top.sv:277$32 ($add).
  creating $macc model for $add$rtl/top.sv:196$21 ($add).
  creating $macc model for $sub$rtl/top.sv:184$15 ($sub).
  creating $macc model for $flatten\u_core.$add$../../project/m2/rtl/compute_core.sv:98$322 ($add).
  creating $macc model for $flatten\u_core.$add$../../project/m2/rtl/compute_core.sv:98$342 ($add).
  creating $macc model for $add$rtl/top.sv:149$12 ($add).
  merging $macc model for $flatten\u_core.$add$../../project/m2/rtl/compute_core.sv:98$341 into $flatten\u_core.$add$../../project/m2/rtl/compute_core.sv:98$342.
  merging $macc model for $flatten\u_core.$add$../../project/m2/rtl/compute_core.sv:98$340 into $flatten\u_core.$add$../../project/m2/rtl/compute_core.sv:98$342.
  merging $macc model for $flatten\u_core.$add$../../project/m2/rtl/compute_core.sv:98$339 into $flatten\u_core.$add$../../project/m2/rtl/compute_core.sv:98$342.
  merging $macc model for $flatten\u_core.$add$../../project/m2/rtl/compute_core.sv:98$338 into $flatten\u_core.$add$../../project/m2/rtl/compute_core.sv:98$342.
  merging $macc model for $flatten\u_core.$add$../../project/m2/rtl/compute_core.sv:98$337 into $flatten\u_core.$add$../../project/m2/rtl/compute_core.sv:98$342.
  merging $macc model for $flatten\u_core.$add$../../project/m2/rtl/compute_core.sv:98$336 into $flatten\u_core.$add$../../project/m2/rtl/compute_core.sv:98$342.
  merging $macc model for $flatten\u_core.$add$../../project/m2/rtl/compute_core.sv:98$335 into $flatten\u_core.$add$../../project/m2/rtl/compute_core.sv:98$342.
  merging $macc model for $flatten\u_core.$add$../../project/m2/rtl/compute_core.sv:98$334 into $flatten\u_core.$add$../../project/m2/rtl/compute_core.sv:98$342.
  merging $macc model for $flatten\u_core.$add$../../project/m2/rtl/compute_core.sv:98$333 into $flatten\u_core.$add$../../project/m2/rtl/compute_core.sv:98$342.
  merging $macc model for $flatten\u_core.$add$../../project/m2/rtl/compute_core.sv:98$332 into $flatten\u_core.$add$../../project/m2/rtl/compute_core.sv:98$342.
  merging $macc model for $flatten\u_core.$add$../../project/m2/rtl/compute_core.sv:98$331 into $flatten\u_core.$add$../../project/m2/rtl/compute_core.sv:98$342.
  merging $macc model for $flatten\u_core.$add$../../project/m2/rtl/compute_core.sv:98$330 into $flatten\u_core.$add$../../project/m2/rtl/compute_core.sv:98$342.
  merging $macc model for $flatten\u_core.$add$../../project/m2/rtl/compute_core.sv:98$329 into $flatten\u_core.$add$../../project/m2/rtl/compute_core.sv:98$342.
  merging $macc model for $flatten\u_core.$add$../../project/m2/rtl/compute_core.sv:98$328 into $flatten\u_core.$add$../../project/m2/rtl/compute_core.sv:98$342.
  merging $macc model for $flatten\u_core.$add$../../project/m2/rtl/compute_core.sv:98$327 into $flatten\u_core.$add$../../project/m2/rtl/compute_core.sv:98$342.
  merging $macc model for $flatten\u_core.$add$../../project/m2/rtl/compute_core.sv:98$326 into $flatten\u_core.$add$../../project/m2/rtl/compute_core.sv:98$342.
  merging $macc model for $flatten\u_core.$add$../../project/m2/rtl/compute_core.sv:98$325 into $flatten\u_core.$add$../../project/m2/rtl/compute_core.sv:98$342.
  merging $macc model for $flatten\u_core.$add$../../project/m2/rtl/compute_core.sv:98$324 into $flatten\u_core.$add$../../project/m2/rtl/compute_core.sv:98$342.
  merging $macc model for $flatten\u_core.$add$../../project/m2/rtl/compute_core.sv:98$323 into $flatten\u_core.$add$../../project/m2/rtl/compute_core.sv:98$342.
  merging $macc model for $flatten\u_core.$add$../../project/m2/rtl/compute_core.sv:98$322 into $flatten\u_core.$add$../../project/m2/rtl/compute_core.sv:98$342.
  merging $macc model for $flatten\u_core.$add$../../project/m2/rtl/compute_core.sv:98$321 into $flatten\u_core.$add$../../project/m2/rtl/compute_core.sv:98$342.
  merging $macc model for $flatten\u_core.$add$../../project/m2/rtl/compute_core.sv:98$320 into $flatten\u_core.$add$../../project/m2/rtl/compute_core.sv:98$342.
  merging $macc model for $flatten\u_core.$add$../../project/m2/rtl/compute_core.sv:98$319 into $flatten\u_core.$add$../../project/m2/rtl/compute_core.sv:98$342.
  merging $macc model for $flatten\u_core.$add$../../project/m2/rtl/compute_core.sv:98$318 into $flatten\u_core.$add$../../project/m2/rtl/compute_core.sv:98$342.
  merging $macc model for $flatten\u_core.$add$../../project/m2/rtl/compute_core.sv:98$317 into $flatten\u_core.$add$../../project/m2/rtl/compute_core.sv:98$342.
  merging $macc model for $flatten\u_core.$add$../../project/m2/rtl/compute_core.sv:98$316 into $flatten\u_core.$add$../../project/m2/rtl/compute_core.sv:98$342.
  merging $macc model for $flatten\u_core.$add$../../project/m2/rtl/compute_core.sv:98$315 into $flatten\u_core.$add$../../project/m2/rtl/compute_core.sv:98$342.
  merging $macc model for $flatten\u_core.$add$../../project/m2/rtl/compute_core.sv:98$344 into $flatten\u_core.$add$../../project/m2/rtl/compute_core.sv:98$345.
  merging $macc model for $flatten\u_core.$add$../../project/m2/rtl/compute_core.sv:98$343 into $flatten\u_core.$add$../../project/m2/rtl/compute_core.sv:98$345.
  merging $macc model for $flatten\u_core.$add$../../project/m2/rtl/compute_core.sv:98$342 into $flatten\u_core.$add$../../project/m2/rtl/compute_core.sv:98$345.
  merging $macc model for $flatten\u_core.$add$../../project/m2/rtl/compute_core.sv:98$345 into $flatten\u_core.$add$../../project/m2/rtl/compute_core.sv:98$346.
  merging $macc model for $flatten\u_core.$add$../../project/m2/rtl/compute_core.sv:98$346 into $flatten\u_core.$add$../../project/m2/rtl/compute_core.sv:98$347.
  merging $macc model for $flatten\u_core.$add$../../project/m2/rtl/compute_core.sv:98$347 into $flatten\u_core.$add$../../project/m2/rtl/compute_core.sv:98$348.
  merging $macc model for $flatten\u_core.$add$../../project/m2/rtl/compute_core.sv:98$348 into $flatten\u_core.$add$../../project/m2/rtl/compute_core.sv:98$349.
  merging $macc model for $flatten\u_core.$add$../../project/m2/rtl/compute_core.sv:98$349 into $flatten\u_core.$add$../../project/m2/rtl/compute_core.sv:98$350.
  merging $macc model for $flatten\u_core.$add$../../project/m2/rtl/compute_core.sv:98$350 into $flatten\u_core.$add$../../project/m2/rtl/compute_core.sv:98$351.
  merging $macc model for $flatten\u_core.$add$../../project/m2/rtl/compute_core.sv:98$351 into $flatten\u_core.$add$../../project/m2/rtl/compute_core.sv:98$352.
  merging $macc model for $flatten\u_core.$add$../../project/m2/rtl/compute_core.sv:98$352 into $flatten\u_core.$add$../../project/m2/rtl/compute_core.sv:98$353.
  merging $macc model for $flatten\u_core.$add$../../project/m2/rtl/compute_core.sv:98$353 into $flatten\u_core.$add$../../project/m2/rtl/compute_core.sv:98$354.
  merging $macc model for $flatten\u_core.$add$../../project/m2/rtl/compute_core.sv:98$354 into $flatten\u_core.$add$../../project/m2/rtl/compute_core.sv:98$355.
  merging $macc model for $flatten\u_core.$add$../../project/m2/rtl/compute_core.sv:98$355 into $flatten\u_core.$add$../../project/m2/rtl/compute_core.sv:98$356.
  merging $macc model for $flatten\u_core.$add$../../project/m2/rtl/compute_core.sv:98$356 into $flatten\u_core.$add$../../project/m2/rtl/compute_core.sv:98$357.
  merging $macc model for $flatten\u_core.$add$../../project/m2/rtl/compute_core.sv:98$357 into $flatten\u_core.$add$../../project/m2/rtl/compute_core.sv:98$358.
  merging $macc model for $flatten\u_core.$add$../../project/m2/rtl/compute_core.sv:98$358 into $flatten\u_core.$add$../../project/m2/rtl/compute_core.sv:98$359.
  merging $macc model for $flatten\u_core.$add$../../project/m2/rtl/compute_core.sv:98$359 into $flatten\u_core.$add$../../project/m2/rtl/compute_core.sv:98$360.
  merging $macc model for $flatten\u_core.$add$../../project/m2/rtl/compute_core.sv:98$360 into $flatten\u_core.$add$../../project/m2/rtl/compute_core.sv:98$361.
  merging $macc model for $flatten\u_core.$add$../../project/m2/rtl/compute_core.sv:98$567 into $flatten\u_core.$add$../../project/m2/rtl/compute_core.sv:98$568.
  merging $macc model for $flatten\u_core.$add$../../project/m2/rtl/compute_core.sv:98$566 into $flatten\u_core.$add$../../project/m2/rtl/compute_core.sv:98$568.
  merging $macc model for $flatten\u_core.$add$../../project/m2/rtl/compute_core.sv:98$565 into $flatten\u_core.$add$../../project/m2/rtl/compute_core.sv:98$568.
  merging $macc model for $flatten\u_core.$add$../../project/m2/rtl/compute_core.sv:98$564 into $flatten\u_core.$add$../../project/m2/rtl/compute_core.sv:98$568.
  merging $macc model for $flatten\u_core.$add$../../project/m2/rtl/compute_core.sv:98$563 into $flatten\u_core.$add$../../project/m2/rtl/compute_core.sv:98$568.
  merging $macc model for $flatten\u_core.$add$../../project/m2/rtl/compute_core.sv:98$562 into $flatten\u_core.$add$../../project/m2/rtl/compute_core.sv:98$568.
  merging $macc model for $flatten\u_core.$add$../../project/m2/rtl/compute_core.sv:98$561 into $flatten\u_core.$add$../../project/m2/rtl/compute_core.sv:98$568.
  merging $macc model for $flatten\u_core.$add$../../project/m2/rtl/compute_core.sv:98$560 into $flatten\u_core.$add$../../project/m2/rtl/compute_core.sv:98$568.
  merging $macc model for $flatten\u_core.$add$../../project/m2/rtl/compute_core.sv:98$559 into $flatten\u_core.$add$../../project/m2/rtl/compute_core.sv:98$568.
  merging $macc model for $flatten\u_core.$add$../../project/m2/rtl/compute_core.sv:98$558 into $flatten\u_core.$add$../../project/m2/rtl/compute_core.sv:98$568.
  merging $macc model for $flatten\u_core.$add$../../project/m2/rtl/compute_core.sv:98$557 into $flatten\u_core.$add$../../project/m2/rtl/compute_core.sv:98$568.
  merging $macc model for $flatten\u_core.$add$../../project/m2/rtl/compute_core.sv:98$556 into $flatten\u_core.$add$../../project/m2/rtl/compute_core.sv:98$568.
  merging $macc model for $flatten\u_core.$add$../../project/m2/rtl/compute_core.sv:98$555 into $flatten\u_core.$add$../../project/m2/rtl/compute_core.sv:98$568.
  merging $macc model for $flatten\u_core.$add$../../project/m2/rtl/compute_core.sv:98$554 into $flatten\u_core.$add$../../project/m2/rtl/compute_core.sv:98$568.
  merging $macc model for $flatten\u_core.$add$../../project/m2/rtl/compute_core.sv:98$553 into $flatten\u_core.$add$../../project/m2/rtl/compute_core.sv:98$568.
  merging $macc model for $flatten\u_core.$add$../../project/m2/rtl/compute_core.sv:98$552 into $flatten\u_core.$add$../../project/m2/rtl/compute_core.sv:98$568.
  merging $macc model for $flatten\u_core.$add$../../project/m2/rtl/compute_core.sv:98$551 into $flatten\u_core.$add$../../project/m2/rtl/compute_core.sv:98$568.
  merging $macc model for $flatten\u_core.$add$../../project/m2/rtl/compute_core.sv:98$550 into $flatten\u_core.$add$../../project/m2/rtl/compute_core.sv:98$568.
  merging $macc model for $flatten\u_core.$add$../../project/m2/rtl/compute_core.sv:98$549 into $flatten\u_core.$add$../../project/m2/rtl/compute_core.sv:98$568.
  merging $macc model for $flatten\u_core.$add$../../project/m2/rtl/compute_core.sv:98$548 into $flatten\u_core.$add$../../project/m2/rtl/compute_core.sv:98$568.
  merging $macc model for $flatten\u_core.$add$../../project/m2/rtl/compute_core.sv:98$547 into $flatten\u_core.$add$../../project/m2/rtl/compute_core.sv:98$568.
  merging $macc model for $flatten\u_core.$add$../../project/m2/rtl/compute_core.sv:98$546 into $flatten\u_core.$add$../../project/m2/rtl/compute_core.sv:98$568.
  merging $macc model for $flatten\u_core.$add$../../project/m2/rtl/compute_core.sv:98$545 into $flatten\u_core.$add$../../project/m2/rtl/compute_core.sv:98$568.
  merging $macc model for $flatten\u_core.$add$../../project/m2/rtl/compute_core.sv:98$544 into $flatten\u_core.$add$../../project/m2/rtl/compute_core.sv:98$568.
  merging $macc model for $flatten\u_core.$add$../../project/m2/rtl/compute_core.sv:98$543 into $flatten\u_core.$add$../../project/m2/rtl/compute_core.sv:98$568.
  merging $macc model for $flatten\u_core.$add$../../project/m2/rtl/compute_core.sv:98$542 into $flatten\u_core.$add$../../project/m2/rtl/compute_core.sv:98$568.
  merging $macc model for $flatten\u_core.$add$../../project/m2/rtl/compute_core.sv:98$541 into $flatten\u_core.$add$../../project/m2/rtl/compute_core.sv:98$568.
  merging $macc model for $flatten\u_core.$add$../../project/m2/rtl/compute_core.sv:98$540 into $flatten\u_core.$add$../../project/m2/rtl/compute_core.sv:98$568.
  merging $macc model for $flatten\u_core.$add$../../project/m2/rtl/compute_core.sv:98$539 into $flatten\u_core.$add$../../project/m2/rtl/compute_core.sv:98$568.
  merging $macc model for $flatten\u_core.$add$../../project/m2/rtl/compute_core.sv:98$538 into $flatten\u_core.$add$../../project/m2/rtl/compute_core.sv:98$568.
  merging $macc model for $flatten\u_core.$add$../../project/m2/rtl/compute_core.sv:98$537 into $flatten\u_core.$add$../../project/m2/rtl/compute_core.sv:98$568.
  merging $macc model for $flatten\u_core.$add$../../project/m2/rtl/compute_core.sv:98$536 into $flatten\u_core.$add$../../project/m2/rtl/compute_core.sv:98$568.
  merging $macc model for $flatten\u_core.$add$../../project/m2/rtl/compute_core.sv:98$535 into $flatten\u_core.$add$../../project/m2/rtl/compute_core.sv:98$568.
  merging $macc model for $flatten\u_core.$add$../../project/m2/rtl/compute_core.sv:98$534 into $flatten\u_core.$add$../../project/m2/rtl/compute_core.sv:98$568.
  merging $macc model for $flatten\u_core.$add$../../project/m2/rtl/compute_core.sv:98$533 into $flatten\u_core.$add$../../project/m2/rtl/compute_core.sv:98$568.
  merging $macc model for $flatten\u_core.$add$../../project/m2/rtl/compute_core.sv:98$532 into $flatten\u_core.$add$../../project/m2/rtl/compute_core.sv:98$568.
  merging $macc model for $flatten\u_core.$add$../../project/m2/rtl/compute_core.sv:98$531 into $flatten\u_core.$add$../../project/m2/rtl/compute_core.sv:98$568.
  merging $macc model for $flatten\u_core.$add$../../project/m2/rtl/compute_core.sv:98$530 into $flatten\u_core.$add$../../project/m2/rtl/compute_core.sv:98$568.
  merging $macc model for $flatten\u_core.$add$../../project/m2/rtl/compute_core.sv:98$529 into $flatten\u_core.$add$../../project/m2/rtl/compute_core.sv:98$568.
  merging $macc model for $flatten\u_core.$add$../../project/m2/rtl/compute_core.sv:98$528 into $flatten\u_core.$add$../../project/m2/rtl/compute_core.sv:98$568.
  merging $macc model for $flatten\u_core.$add$../../project/m2/rtl/compute_core.sv:98$527 into $flatten\u_core.$add$../../project/m2/rtl/compute_core.sv:98$568.
  merging $macc model for $flatten\u_core.$add$../../project/m2/rtl/compute_core.sv:98$526 into $flatten\u_core.$add$../../project/m2/rtl/compute_core.sv:98$568.
  merging $macc model for $flatten\u_core.$add$../../project/m2/rtl/compute_core.sv:98$525 into $flatten\u_core.$add$../../project/m2/rtl/compute_core.sv:98$568.
  merging $macc model for $flatten\u_core.$add$../../project/m2/rtl/compute_core.sv:98$524 into $flatten\u_core.$add$../../project/m2/rtl/compute_core.sv:98$568.
  merging $macc model for $flatten\u_core.$add$../../project/m2/rtl/compute_core.sv:98$523 into $flatten\u_core.$add$../../project/m2/rtl/compute_core.sv:98$568.
  merging $macc model for $flatten\u_core.$add$../../project/m2/rtl/compute_core.sv:98$522 into $flatten\u_core.$add$../../project/m2/rtl/compute_core.sv:98$568.
  merging $macc model for $flatten\u_core.$add$../../project/m2/rtl/compute_core.sv:98$521 into $flatten\u_core.$add$../../project/m2/rtl/compute_core.sv:98$568.
  merging $macc model for $flatten\u_core.$add$../../project/m2/rtl/compute_core.sv:98$520 into $flatten\u_core.$add$../../project/m2/rtl/compute_core.sv:98$568.
  merging $macc model for $flatten\u_core.$add$../../project/m2/rtl/compute_core.sv:98$519 into $flatten\u_core.$add$../../project/m2/rtl/compute_core.sv:98$568.
  merging $macc model for $flatten\u_core.$add$../../project/m2/rtl/compute_core.sv:98$518 into $flatten\u_core.$add$../../project/m2/rtl/compute_core.sv:98$568.
  merging $macc model for $flatten\u_core.$add$../../project/m2/rtl/compute_core.sv:98$517 into $flatten\u_core.$add$../../project/m2/rtl/compute_core.sv:98$568.
  merging $macc model for $flatten\u_core.$add$../../project/m2/rtl/compute_core.sv:98$516 into $flatten\u_core.$add$../../project/m2/rtl/compute_core.sv:98$568.
  merging $macc model for $flatten\u_core.$add$../../project/m2/rtl/compute_core.sv:98$515 into $flatten\u_core.$add$../../project/m2/rtl/compute_core.sv:98$568.
  merging $macc model for $flatten\u_core.$add$../../project/m2/rtl/compute_core.sv:98$514 into $flatten\u_core.$add$../../project/m2/rtl/compute_core.sv:98$568.
  merging $macc model for $flatten\u_core.$add$../../project/m2/rtl/compute_core.sv:98$513 into $flatten\u_core.$add$../../project/m2/rtl/compute_core.sv:98$568.
  merging $macc model for $flatten\u_core.$add$../../project/m2/rtl/compute_core.sv:98$512 into $flatten\u_core.$add$../../project/m2/rtl/compute_core.sv:98$568.
  merging $macc model for $flatten\u_core.$add$../../project/m2/rtl/compute_core.sv:98$511 into $flatten\u_core.$add$../../project/m2/rtl/compute_core.sv:98$568.
  merging $macc model for $flatten\u_core.$add$../../project/m2/rtl/compute_core.sv:98$510 into $flatten\u_core.$add$../../project/m2/rtl/compute_core.sv:98$568.
  merging $macc model for $flatten\u_core.$add$../../project/m2/rtl/compute_core.sv:98$509 into $flatten\u_core.$add$../../project/m2/rtl/compute_core.sv:98$568.
  merging $macc model for $flatten\u_core.$add$../../project/m2/rtl/compute_core.sv:98$508 into $flatten\u_core.$add$../../project/m2/rtl/compute_core.sv:98$568.
  merging $macc model for $flatten\u_core.$add$../../project/m2/rtl/compute_core.sv:98$507 into $flatten\u_core.$add$../../project/m2/rtl/compute_core.sv:98$568.
  merging $macc model for $flatten\u_core.$add$../../project/m2/rtl/compute_core.sv:98$506 into $flatten\u_core.$add$../../project/m2/rtl/compute_core.sv:98$568.
  merging $macc model for $flatten\u_core.$add$../../project/m2/rtl/compute_core.sv:98$505 into $flatten\u_core.$add$../../project/m2/rtl/compute_core.sv:98$568.
  merging $macc model for $flatten\u_core.$add$../../project/m2/rtl/compute_core.sv:98$504 into $flatten\u_core.$add$../../project/m2/rtl/compute_core.sv:98$568.
  merging $macc model for $flatten\u_core.$add$../../project/m2/rtl/compute_core.sv:98$503 into $flatten\u_core.$add$../../project/m2/rtl/compute_core.sv:98$568.
  merging $macc model for $flatten\u_core.$add$../../project/m2/rtl/compute_core.sv:98$502 into $flatten\u_core.$add$../../project/m2/rtl/compute_core.sv:98$568.
  merging $macc model for $flatten\u_core.$add$../../project/m2/rtl/compute_core.sv:98$501 into $flatten\u_core.$add$../../project/m2/rtl/compute_core.sv:98$568.
  merging $macc model for $flatten\u_core.$add$../../project/m2/rtl/compute_core.sv:98$500 into $flatten\u_core.$add$../../project/m2/rtl/compute_core.sv:98$568.
  merging $macc model for $flatten\u_core.$add$../../project/m2/rtl/compute_core.sv:98$499 into $flatten\u_core.$add$../../project/m2/rtl/compute_core.sv:98$568.
  merging $macc model for $flatten\u_core.$add$../../project/m2/rtl/compute_core.sv:98$498 into $flatten\u_core.$add$../../project/m2/rtl/compute_core.sv:98$568.
  merging $macc model for $flatten\u_core.$add$../../project/m2/rtl/compute_core.sv:98$497 into $flatten\u_core.$add$../../project/m2/rtl/compute_core.sv:98$568.
  merging $macc model for $flatten\u_core.$add$../../project/m2/rtl/compute_core.sv:98$496 into $flatten\u_core.$add$../../project/m2/rtl/compute_core.sv:98$568.
  merging $macc model for $flatten\u_core.$add$../../project/m2/rtl/compute_core.sv:98$495 into $flatten\u_core.$add$../../project/m2/rtl/compute_core.sv:98$568.
  merging $macc model for $flatten\u_core.$add$../../project/m2/rtl/compute_core.sv:98$494 into $flatten\u_core.$add$../../project/m2/rtl/compute_core.sv:98$568.
  merging $macc model for $flatten\u_core.$add$../../project/m2/rtl/compute_core.sv:98$493 into $flatten\u_core.$add$../../project/m2/rtl/compute_core.sv:98$568.
  merging $macc model for $flatten\u_core.$add$../../project/m2/rtl/compute_core.sv:98$492 into $flatten\u_core.$add$../../project/m2/rtl/compute_core.sv:98$568.
  merging $macc model for $flatten\u_core.$add$../../project/m2/rtl/compute_core.sv:98$491 into $flatten\u_core.$add$../../project/m2/rtl/compute_core.sv:98$568.
  merging $macc model for $flatten\u_core.$add$../../project/m2/rtl/compute_core.sv:98$490 into $flatten\u_core.$add$../../project/m2/rtl/compute_core.sv:98$568.
  merging $macc model for $flatten\u_core.$add$../../project/m2/rtl/compute_core.sv:98$489 into $flatten\u_core.$add$../../project/m2/rtl/compute_core.sv:98$568.
  merging $macc model for $flatten\u_core.$add$../../project/m2/rtl/compute_core.sv:98$488 into $flatten\u_core.$add$../../project/m2/rtl/compute_core.sv:98$568.
  merging $macc model for $flatten\u_core.$add$../../project/m2/rtl/compute_core.sv:98$487 into $flatten\u_core.$add$../../project/m2/rtl/compute_core.sv:98$568.
  merging $macc model for $flatten\u_core.$add$../../project/m2/rtl/compute_core.sv:98$486 into $flatten\u_core.$add$../../project/m2/rtl/compute_core.sv:98$568.
  merging $macc model for $flatten\u_core.$add$../../project/m2/rtl/compute_core.sv:98$485 into $flatten\u_core.$add$../../project/m2/rtl/compute_core.sv:98$568.
  merging $macc model for $flatten\u_core.$add$../../project/m2/rtl/compute_core.sv:98$484 into $flatten\u_core.$add$../../project/m2/rtl/compute_core.sv:98$568.
  merging $macc model for $flatten\u_core.$add$../../project/m2/rtl/compute_core.sv:98$483 into $flatten\u_core.$add$../../project/m2/rtl/compute_core.sv:98$568.
  merging $macc model for $flatten\u_core.$add$../../project/m2/rtl/compute_core.sv:98$482 into $flatten\u_core.$add$../../project/m2/rtl/compute_core.sv:98$568.
  merging $macc model for $flatten\u_core.$add$../../project/m2/rtl/compute_core.sv:98$481 into $flatten\u_core.$add$../../project/m2/rtl/compute_core.sv:98$568.
  merging $macc model for $flatten\u_core.$add$../../project/m2/rtl/compute_core.sv:98$480 into $flatten\u_core.$add$../../project/m2/rtl/compute_core.sv:98$568.
  merging $macc model for $flatten\u_core.$add$../../project/m2/rtl/compute_core.sv:98$479 into $flatten\u_core.$add$../../project/m2/rtl/compute_core.sv:98$568.
  merging $macc model for $flatten\u_core.$add$../../project/m2/rtl/compute_core.sv:98$478 into $flatten\u_core.$add$../../project/m2/rtl/compute_core.sv:98$568.
  merging $macc model for $flatten\u_core.$add$../../project/m2/rtl/compute_core.sv:98$477 into $flatten\u_core.$add$../../project/m2/rtl/compute_core.sv:98$568.
  merging $macc model for $flatten\u_core.$add$../../project/m2/rtl/compute_core.sv:98$476 into $flatten\u_core.$add$../../project/m2/rtl/compute_core.sv:98$568.
  merging $macc model for $flatten\u_core.$add$../../project/m2/rtl/compute_core.sv:98$475 into $flatten\u_core.$add$../../project/m2/rtl/compute_core.sv:98$568.
  merging $macc model for $flatten\u_core.$add$../../project/m2/rtl/compute_core.sv:98$474 into $flatten\u_core.$add$../../project/m2/rtl/compute_core.sv:98$568.
  merging $macc model for $flatten\u_core.$add$../../project/m2/rtl/compute_core.sv:98$473 into $flatten\u_core.$add$../../project/m2/rtl/compute_core.sv:98$568.
  merging $macc model for $flatten\u_core.$add$../../project/m2/rtl/compute_core.sv:98$472 into $flatten\u_core.$add$../../project/m2/rtl/compute_core.sv:98$568.
  merging $macc model for $flatten\u_core.$add$../../project/m2/rtl/compute_core.sv:98$471 into $flatten\u_core.$add$../../project/m2/rtl/compute_core.sv:98$568.
  merging $macc model for $flatten\u_core.$add$../../project/m2/rtl/compute_core.sv:98$470 into $flatten\u_core.$add$../../project/m2/rtl/compute_core.sv:98$568.
  merging $macc model for $flatten\u_core.$add$../../project/m2/rtl/compute_core.sv:98$469 into $flatten\u_core.$add$../../project/m2/rtl/compute_core.sv:98$568.
  merging $macc model for $flatten\u_core.$add$../../project/m2/rtl/compute_core.sv:98$468 into $flatten\u_core.$add$../../project/m2/rtl/compute_core.sv:98$568.
  merging $macc model for $flatten\u_core.$add$../../project/m2/rtl/compute_core.sv:98$467 into $flatten\u_core.$add$../../project/m2/rtl/compute_core.sv:98$568.
  merging $macc model for $flatten\u_core.$add$../../project/m2/rtl/compute_core.sv:98$466 into $flatten\u_core.$add$../../project/m2/rtl/compute_core.sv:98$568.
  merging $macc model for $flatten\u_core.$add$../../project/m2/rtl/compute_core.sv:98$465 into $flatten\u_core.$add$../../project/m2/rtl/compute_core.sv:98$568.
  merging $macc model for $flatten\u_core.$add$../../project/m2/rtl/compute_core.sv:98$464 into $flatten\u_core.$add$../../project/m2/rtl/compute_core.sv:98$568.
  merging $macc model for $flatten\u_core.$add$../../project/m2/rtl/compute_core.sv:98$463 into $flatten\u_core.$add$../../project/m2/rtl/compute_core.sv:98$568.
  merging $macc model for $flatten\u_core.$add$../../project/m2/rtl/compute_core.sv:98$462 into $flatten\u_core.$add$../../project/m2/rtl/compute_core.sv:98$568.
  merging $macc model for $flatten\u_core.$add$../../project/m2/rtl/compute_core.sv:98$461 into $flatten\u_core.$add$../../project/m2/rtl/compute_core.sv:98$568.
  merging $macc model for $flatten\u_core.$add$../../project/m2/rtl/compute_core.sv:98$460 into $flatten\u_core.$add$../../project/m2/rtl/compute_core.sv:98$568.
  merging $macc model for $flatten\u_core.$add$../../project/m2/rtl/compute_core.sv:98$459 into $flatten\u_core.$add$../../project/m2/rtl/compute_core.sv:98$568.
  merging $macc model for $flatten\u_core.$add$../../project/m2/rtl/compute_core.sv:98$458 into $flatten\u_core.$add$../../project/m2/rtl/compute_core.sv:98$568.
  merging $macc model for $flatten\u_core.$add$../../project/m2/rtl/compute_core.sv:98$457 into $flatten\u_core.$add$../../project/m2/rtl/compute_core.sv:98$568.
  merging $macc model for $flatten\u_core.$add$../../project/m2/rtl/compute_core.sv:98$456 into $flatten\u_core.$add$../../project/m2/rtl/compute_core.sv:98$568.
  merging $macc model for $flatten\u_core.$add$../../project/m2/rtl/compute_core.sv:98$455 into $flatten\u_core.$add$../../project/m2/rtl/compute_core.sv:98$568.
  merging $macc model for $flatten\u_core.$add$../../project/m2/rtl/compute_core.sv:98$454 into $flatten\u_core.$add$../../project/m2/rtl/compute_core.sv:98$568.
  merging $macc model for $flatten\u_core.$add$../../project/m2/rtl/compute_core.sv:98$453 into $flatten\u_core.$add$../../project/m2/rtl/compute_core.sv:98$568.
  merging $macc model for $flatten\u_core.$add$../../project/m2/rtl/compute_core.sv:98$452 into $flatten\u_core.$add$../../project/m2/rtl/compute_core.sv:98$568.
  merging $macc model for $flatten\u_core.$add$../../project/m2/rtl/compute_core.sv:98$451 into $flatten\u_core.$add$../../project/m2/rtl/compute_core.sv:98$568.
  merging $macc model for $flatten\u_core.$add$../../project/m2/rtl/compute_core.sv:98$450 into $flatten\u_core.$add$../../project/m2/rtl/compute_core.sv:98$568.
  merging $macc model for $flatten\u_core.$add$../../project/m2/rtl/compute_core.sv:98$449 into $flatten\u_core.$add$../../project/m2/rtl/compute_core.sv:98$568.
  merging $macc model for $flatten\u_core.$add$../../project/m2/rtl/compute_core.sv:98$448 into $flatten\u_core.$add$../../project/m2/rtl/compute_core.sv:98$568.
  merging $macc model for $flatten\u_core.$add$../../project/m2/rtl/compute_core.sv:98$447 into $flatten\u_core.$add$../../project/m2/rtl/compute_core.sv:98$568.
  merging $macc model for $flatten\u_core.$add$../../project/m2/rtl/compute_core.sv:98$446 into $flatten\u_core.$add$../../project/m2/rtl/compute_core.sv:98$568.
  merging $macc model for $flatten\u_core.$add$../../project/m2/rtl/compute_core.sv:98$445 into $flatten\u_core.$add$../../project/m2/rtl/compute_core.sv:98$568.
  merging $macc model for $flatten\u_core.$add$../../project/m2/rtl/compute_core.sv:98$444 into $flatten\u_core.$add$../../project/m2/rtl/compute_core.sv:98$568.
  merging $macc model for $flatten\u_core.$add$../../project/m2/rtl/compute_core.sv:98$443 into $flatten\u_core.$add$../../project/m2/rtl/compute_core.sv:98$568.
  merging $macc model for $flatten\u_core.$add$../../project/m2/rtl/compute_core.sv:98$442 into $flatten\u_core.$add$../../project/m2/rtl/compute_core.sv:98$568.
  merging $macc model for $flatten\u_core.$add$../../project/m2/rtl/compute_core.sv:98$441 into $flatten\u_core.$add$../../project/m2/rtl/compute_core.sv:98$568.
  merging $macc model for $flatten\u_core.$add$../../project/m2/rtl/compute_core.sv:98$440 into $flatten\u_core.$add$../../project/m2/rtl/compute_core.sv:98$568.
  merging $macc model for $flatten\u_core.$add$../../project/m2/rtl/compute_core.sv:98$439 into $flatten\u_core.$add$../../project/m2/rtl/compute_core.sv:98$568.
  merging $macc model for $flatten\u_core.$add$../../project/m2/rtl/compute_core.sv:98$438 into $flatten\u_core.$add$../../project/m2/rtl/compute_core.sv:98$568.
  merging $macc model for $flatten\u_core.$add$../../project/m2/rtl/compute_core.sv:98$437 into $flatten\u_core.$add$../../project/m2/rtl/compute_core.sv:98$568.
  merging $macc model for $flatten\u_core.$add$../../project/m2/rtl/compute_core.sv:98$436 into $flatten\u_core.$add$../../project/m2/rtl/compute_core.sv:98$568.
  merging $macc model for $flatten\u_core.$add$../../project/m2/rtl/compute_core.sv:98$435 into $flatten\u_core.$add$../../project/m2/rtl/compute_core.sv:98$568.
  merging $macc model for $flatten\u_core.$add$../../project/m2/rtl/compute_core.sv:98$434 into $flatten\u_core.$add$../../project/m2/rtl/compute_core.sv:98$568.
  merging $macc model for $flatten\u_core.$add$../../project/m2/rtl/compute_core.sv:98$433 into $flatten\u_core.$add$../../project/m2/rtl/compute_core.sv:98$568.
  merging $macc model for $flatten\u_core.$add$../../project/m2/rtl/compute_core.sv:98$432 into $flatten\u_core.$add$../../project/m2/rtl/compute_core.sv:98$568.
  merging $macc model for $flatten\u_core.$add$../../project/m2/rtl/compute_core.sv:98$431 into $flatten\u_core.$add$../../project/m2/rtl/compute_core.sv:98$568.
  merging $macc model for $flatten\u_core.$add$../../project/m2/rtl/compute_core.sv:98$430 into $flatten\u_core.$add$../../project/m2/rtl/compute_core.sv:98$568.
  merging $macc model for $flatten\u_core.$add$../../project/m2/rtl/compute_core.sv:98$429 into $flatten\u_core.$add$../../project/m2/rtl/compute_core.sv:98$568.
  merging $macc model for $flatten\u_core.$add$../../project/m2/rtl/compute_core.sv:98$428 into $flatten\u_core.$add$../../project/m2/rtl/compute_core.sv:98$568.
  merging $macc model for $flatten\u_core.$add$../../project/m2/rtl/compute_core.sv:98$427 into $flatten\u_core.$add$../../project/m2/rtl/compute_core.sv:98$568.
  merging $macc model for $flatten\u_core.$add$../../project/m2/rtl/compute_core.sv:98$426 into $flatten\u_core.$add$../../project/m2/rtl/compute_core.sv:98$568.
  merging $macc model for $flatten\u_core.$add$../../project/m2/rtl/compute_core.sv:98$425 into $flatten\u_core.$add$../../project/m2/rtl/compute_core.sv:98$568.
  merging $macc model for $flatten\u_core.$add$../../project/m2/rtl/compute_core.sv:98$424 into $flatten\u_core.$add$../../project/m2/rtl/compute_core.sv:98$568.
  merging $macc model for $flatten\u_core.$add$../../project/m2/rtl/compute_core.sv:98$423 into $flatten\u_core.$add$../../project/m2/rtl/compute_core.sv:98$568.
  merging $macc model for $flatten\u_core.$add$../../project/m2/rtl/compute_core.sv:98$422 into $flatten\u_core.$add$../../project/m2/rtl/compute_core.sv:98$568.
  merging $macc model for $flatten\u_core.$add$../../project/m2/rtl/compute_core.sv:98$421 into $flatten\u_core.$add$../../project/m2/rtl/compute_core.sv:98$568.
  merging $macc model for $flatten\u_core.$add$../../project/m2/rtl/compute_core.sv:98$420 into $flatten\u_core.$add$../../project/m2/rtl/compute_core.sv:98$568.
  merging $macc model for $flatten\u_core.$add$../../project/m2/rtl/compute_core.sv:98$419 into $flatten\u_core.$add$../../project/m2/rtl/compute_core.sv:98$568.
  merging $macc model for $flatten\u_core.$add$../../project/m2/rtl/compute_core.sv:98$418 into $flatten\u_core.$add$../../project/m2/rtl/compute_core.sv:98$568.
  merging $macc model for $flatten\u_core.$add$../../project/m2/rtl/compute_core.sv:98$417 into $flatten\u_core.$add$../../project/m2/rtl/compute_core.sv:98$568.
  merging $macc model for $flatten\u_core.$add$../../project/m2/rtl/compute_core.sv:98$416 into $flatten\u_core.$add$../../project/m2/rtl/compute_core.sv:98$568.
  merging $macc model for $flatten\u_core.$add$../../project/m2/rtl/compute_core.sv:98$415 into $flatten\u_core.$add$../../project/m2/rtl/compute_core.sv:98$568.
  merging $macc model for $flatten\u_core.$add$../../project/m2/rtl/compute_core.sv:98$414 into $flatten\u_core.$add$../../project/m2/rtl/compute_core.sv:98$568.
  merging $macc model for $flatten\u_core.$add$../../project/m2/rtl/compute_core.sv:98$413 into $flatten\u_core.$add$../../project/m2/rtl/compute_core.sv:98$568.
  merging $macc model for $flatten\u_core.$add$../../project/m2/rtl/compute_core.sv:98$412 into $flatten\u_core.$add$../../project/m2/rtl/compute_core.sv:98$568.
  merging $macc model for $flatten\u_core.$add$../../project/m2/rtl/compute_core.sv:98$411 into $flatten\u_core.$add$../../project/m2/rtl/compute_core.sv:98$568.
  merging $macc model for $flatten\u_core.$add$../../project/m2/rtl/compute_core.sv:98$410 into $flatten\u_core.$add$../../project/m2/rtl/compute_core.sv:98$568.
  merging $macc model for $flatten\u_core.$add$../../project/m2/rtl/compute_core.sv:98$409 into $flatten\u_core.$add$../../project/m2/rtl/compute_core.sv:98$568.
  merging $macc model for $flatten\u_core.$add$../../project/m2/rtl/compute_core.sv:98$408 into $flatten\u_core.$add$../../project/m2/rtl/compute_core.sv:98$568.
  merging $macc model for $flatten\u_core.$add$../../project/m2/rtl/compute_core.sv:98$407 into $flatten\u_core.$add$../../project/m2/rtl/compute_core.sv:98$568.
  merging $macc model for $flatten\u_core.$add$../../project/m2/rtl/compute_core.sv:98$406 into $flatten\u_core.$add$../../project/m2/rtl/compute_core.sv:98$568.
  merging $macc model for $flatten\u_core.$add$../../project/m2/rtl/compute_core.sv:98$405 into $flatten\u_core.$add$../../project/m2/rtl/compute_core.sv:98$568.
  merging $macc model for $flatten\u_core.$add$../../project/m2/rtl/compute_core.sv:98$404 into $flatten\u_core.$add$../../project/m2/rtl/compute_core.sv:98$568.
  merging $macc model for $flatten\u_core.$add$../../project/m2/rtl/compute_core.sv:98$403 into $flatten\u_core.$add$../../project/m2/rtl/compute_core.sv:98$568.
  merging $macc model for $flatten\u_core.$add$../../project/m2/rtl/compute_core.sv:98$402 into $flatten\u_core.$add$../../project/m2/rtl/compute_core.sv:98$568.
  merging $macc model for $flatten\u_core.$add$../../project/m2/rtl/compute_core.sv:98$401 into $flatten\u_core.$add$../../project/m2/rtl/compute_core.sv:98$568.
  merging $macc model for $flatten\u_core.$add$../../project/m2/rtl/compute_core.sv:98$400 into $flatten\u_core.$add$../../project/m2/rtl/compute_core.sv:98$568.
  merging $macc model for $flatten\u_core.$add$../../project/m2/rtl/compute_core.sv:98$399 into $flatten\u_core.$add$../../project/m2/rtl/compute_core.sv:98$568.
  merging $macc model for $flatten\u_core.$add$../../project/m2/rtl/compute_core.sv:98$398 into $flatten\u_core.$add$../../project/m2/rtl/compute_core.sv:98$568.
  merging $macc model for $flatten\u_core.$add$../../project/m2/rtl/compute_core.sv:98$397 into $flatten\u_core.$add$../../project/m2/rtl/compute_core.sv:98$568.
  merging $macc model for $flatten\u_core.$add$../../project/m2/rtl/compute_core.sv:98$396 into $flatten\u_core.$add$../../project/m2/rtl/compute_core.sv:98$568.
  merging $macc model for $flatten\u_core.$add$../../project/m2/rtl/compute_core.sv:98$395 into $flatten\u_core.$add$../../project/m2/rtl/compute_core.sv:98$568.
  merging $macc model for $flatten\u_core.$add$../../project/m2/rtl/compute_core.sv:98$394 into $flatten\u_core.$add$../../project/m2/rtl/compute_core.sv:98$568.
  merging $macc model for $flatten\u_core.$add$../../project/m2/rtl/compute_core.sv:98$393 into $flatten\u_core.$add$../../project/m2/rtl/compute_core.sv:98$568.
  merging $macc model for $flatten\u_core.$add$../../project/m2/rtl/compute_core.sv:98$392 into $flatten\u_core.$add$../../project/m2/rtl/compute_core.sv:98$568.
  merging $macc model for $flatten\u_core.$add$../../project/m2/rtl/compute_core.sv:98$391 into $flatten\u_core.$add$../../project/m2/rtl/compute_core.sv:98$568.
  merging $macc model for $flatten\u_core.$add$../../project/m2/rtl/compute_core.sv:98$390 into $flatten\u_core.$add$../../project/m2/rtl/compute_core.sv:98$568.
  merging $macc model for $flatten\u_core.$add$../../project/m2/rtl/compute_core.sv:98$389 into $flatten\u_core.$add$../../project/m2/rtl/compute_core.sv:98$568.
  merging $macc model for $flatten\u_core.$add$../../project/m2/rtl/compute_core.sv:98$388 into $flatten\u_core.$add$../../project/m2/rtl/compute_core.sv:98$568.
  merging $macc model for $flatten\u_core.$add$../../project/m2/rtl/compute_core.sv:98$387 into $flatten\u_core.$add$../../project/m2/rtl/compute_core.sv:98$568.
  merging $macc model for $flatten\u_core.$add$../../project/m2/rtl/compute_core.sv:98$386 into $flatten\u_core.$add$../../project/m2/rtl/compute_core.sv:98$568.
  merging $macc model for $flatten\u_core.$add$../../project/m2/rtl/compute_core.sv:98$385 into $flatten\u_core.$add$../../project/m2/rtl/compute_core.sv:98$568.
  merging $macc model for $flatten\u_core.$add$../../project/m2/rtl/compute_core.sv:98$384 into $flatten\u_core.$add$../../project/m2/rtl/compute_core.sv:98$568.
  merging $macc model for $flatten\u_core.$add$../../project/m2/rtl/compute_core.sv:98$383 into $flatten\u_core.$add$../../project/m2/rtl/compute_core.sv:98$568.
  merging $macc model for $flatten\u_core.$add$../../project/m2/rtl/compute_core.sv:98$382 into $flatten\u_core.$add$../../project/m2/rtl/compute_core.sv:98$568.
  merging $macc model for $flatten\u_core.$add$../../project/m2/rtl/compute_core.sv:98$381 into $flatten\u_core.$add$../../project/m2/rtl/compute_core.sv:98$568.
  merging $macc model for $flatten\u_core.$add$../../project/m2/rtl/compute_core.sv:98$380 into $flatten\u_core.$add$../../project/m2/rtl/compute_core.sv:98$568.
  merging $macc model for $flatten\u_core.$add$../../project/m2/rtl/compute_core.sv:98$379 into $flatten\u_core.$add$../../project/m2/rtl/compute_core.sv:98$568.
  merging $macc model for $flatten\u_core.$add$../../project/m2/rtl/compute_core.sv:98$378 into $flatten\u_core.$add$../../project/m2/rtl/compute_core.sv:98$568.
  merging $macc model for $flatten\u_core.$add$../../project/m2/rtl/compute_core.sv:98$377 into $flatten\u_core.$add$../../project/m2/rtl/compute_core.sv:98$568.
  merging $macc model for $flatten\u_core.$add$../../project/m2/rtl/compute_core.sv:98$376 into $flatten\u_core.$add$../../project/m2/rtl/compute_core.sv:98$568.
  merging $macc model for $flatten\u_core.$add$../../project/m2/rtl/compute_core.sv:98$375 into $flatten\u_core.$add$../../project/m2/rtl/compute_core.sv:98$568.
  merging $macc model for $flatten\u_core.$add$../../project/m2/rtl/compute_core.sv:98$374 into $flatten\u_core.$add$../../project/m2/rtl/compute_core.sv:98$568.
  merging $macc model for $flatten\u_core.$add$../../project/m2/rtl/compute_core.sv:98$373 into $flatten\u_core.$add$../../project/m2/rtl/compute_core.sv:98$568.
  merging $macc model for $flatten\u_core.$add$../../project/m2/rtl/compute_core.sv:98$372 into $flatten\u_core.$add$../../project/m2/rtl/compute_core.sv:98$568.
  merging $macc model for $flatten\u_core.$add$../../project/m2/rtl/compute_core.sv:98$371 into $flatten\u_core.$add$../../project/m2/rtl/compute_core.sv:98$568.
  merging $macc model for $flatten\u_core.$add$../../project/m2/rtl/compute_core.sv:98$370 into $flatten\u_core.$add$../../project/m2/rtl/compute_core.sv:98$568.
  merging $macc model for $flatten\u_core.$add$../../project/m2/rtl/compute_core.sv:98$369 into $flatten\u_core.$add$../../project/m2/rtl/compute_core.sv:98$568.
  merging $macc model for $flatten\u_core.$add$../../project/m2/rtl/compute_core.sv:98$368 into $flatten\u_core.$add$../../project/m2/rtl/compute_core.sv:98$568.
  merging $macc model for $flatten\u_core.$add$../../project/m2/rtl/compute_core.sv:98$367 into $flatten\u_core.$add$../../project/m2/rtl/compute_core.sv:98$568.
  merging $macc model for $flatten\u_core.$add$../../project/m2/rtl/compute_core.sv:98$366 into $flatten\u_core.$add$../../project/m2/rtl/compute_core.sv:98$568.
  merging $macc model for $flatten\u_core.$add$../../project/m2/rtl/compute_core.sv:98$365 into $flatten\u_core.$add$../../project/m2/rtl/compute_core.sv:98$568.
  merging $macc model for $flatten\u_core.$add$../../project/m2/rtl/compute_core.sv:98$364 into $flatten\u_core.$add$../../project/m2/rtl/compute_core.sv:98$568.
  merging $macc model for $flatten\u_core.$add$../../project/m2/rtl/compute_core.sv:98$363 into $flatten\u_core.$add$../../project/m2/rtl/compute_core.sv:98$568.
  merging $macc model for $flatten\u_core.$add$../../project/m2/rtl/compute_core.sv:98$362 into $flatten\u_core.$add$../../project/m2/rtl/compute_core.sv:98$568.
  merging $macc model for $flatten\u_core.$add$../../project/m2/rtl/compute_core.sv:98$361 into $flatten\u_core.$add$../../project/m2/rtl/compute_core.sv:98$568.
  creating $alu model for $macc $flatten\u_core.$add$../../project/m2/rtl/compute_core.sv:114$572.
  creating $alu model for $macc $flatten\u_core.$add$../../project/m2/rtl/compute_core.sv:98$314.
  creating $alu model for $macc $add$rtl/top.sv:277$32.
  creating $alu model for $macc $add$rtl/top.sv:196$21.
  creating $alu model for $macc $sub$rtl/top.sv:184$15.
  creating $alu model for $macc $add$rtl/top.sv:149$12.
  creating $alu model for $macc $flatten\u_core.$sub$../../project/m2/rtl/compute_core.sv:104$570.
  creating $macc cell for $flatten\u_core.$add$../../project/m2/rtl/compute_core.sv:98$568: $auto$alumacc.cc:382:replace_macc$779
  creating $alu cell for $flatten\u_core.$sub$../../project/m2/rtl/compute_core.sv:104$570: $auto$alumacc.cc:512:replace_alu$780
  creating $alu cell for $add$rtl/top.sv:149$12: $auto$alumacc.cc:512:replace_alu$783
  creating $alu cell for $sub$rtl/top.sv:184$15: $auto$alumacc.cc:512:replace_alu$786
  creating $alu cell for $add$rtl/top.sv:196$21: $auto$alumacc.cc:512:replace_alu$789
  creating $alu cell for $add$rtl/top.sv:277$32: $auto$alumacc.cc:512:replace_alu$792
  creating $alu cell for $flatten\u_core.$add$../../project/m2/rtl/compute_core.sv:98$314: $auto$alumacc.cc:512:replace_alu$795
  creating $alu cell for $flatten\u_core.$add$../../project/m2/rtl/compute_core.sv:114$572: $auto$alumacc.cc:512:replace_alu$798
  created 7 $alu and 1 $macc cells.

5.14. Executing SHARE pass (SAT-based resource sharing).

5.15. Executing OPT pass (performing simple optimizations).

5.15.1. Executing OPT_EXPR pass (perform const folding).
Optimizing module bnn_top.

5.15.2. Executing OPT_MERGE pass (detect identical cells).
Finding identical cells in module `\bnn_top'.
Computing hashes of 306 cells of `\bnn_top'.
Finding duplicate cells in `\bnn_top'.
Removed a total of 0 cells.

5.15.3. Executing OPT_MUXTREE pass (detect dead branches in mux trees).
Running muxtree optimizer on module \bnn_top..
  Creating internal representation of mux trees.
  Evaluating internal representation of mux trees.
  Analyzing evaluation results.
Removed 0 multiplexer ports.
<suppressed ~19 debug messages>

5.15.4. Executing OPT_REDUCE pass (consolidate $*mux and $reduce_* inputs).
  Optimizing cells in module \bnn_top.
Performed a total of 0 changes.

5.15.5. Executing OPT_MERGE pass (detect identical cells).
Finding identical cells in module `\bnn_top'.
Computing hashes of 306 cells of `\bnn_top'.
Finding duplicate cells in `\bnn_top'.
Removed a total of 0 cells.

5.15.6. Executing OPT_DFF pass (perform DFF optimizations).

5.15.7. Executing OPT_CLEAN pass (remove unused cells and wires).
Finding unused cells or wires in module \bnn_top..
Removed 253 unused cells and 253 unused wires.
<suppressed ~254 debug messages>

5.15.8. Executing OPT_EXPR pass (perform const folding).
Optimizing module bnn_top.

5.15.9. Rerunning OPT passes. (Maybe there is more to do..)

5.15.10. Executing OPT_MUXTREE pass (detect dead branches in mux trees).
Running muxtree optimizer on module \bnn_top..
  Creating internal representation of mux trees.
  Evaluating internal representation of mux trees.
  Analyzing evaluation results.
Removed 0 multiplexer ports.
<suppressed ~19 debug messages>

5.15.11. Executing OPT_REDUCE pass (consolidate $*mux and $reduce_* inputs).
  Optimizing cells in module \bnn_top.
Performed a total of 0 changes.

5.15.12. Executing OPT_MERGE pass (detect identical cells).
Finding identical cells in module `\bnn_top'.
Computing hashes of 53 cells of `\bnn_top'.
Finding duplicate cells in `\bnn_top'.
Removed a total of 0 cells.

5.15.13. Executing OPT_DFF pass (perform DFF optimizations).

5.15.14. Executing OPT_CLEAN pass (remove unused cells and wires).
Finding unused cells or wires in module \bnn_top..

5.15.15. Executing OPT_EXPR pass (perform const folding).
Optimizing module bnn_top.

5.15.16. Finished fast OPT passes. (There is nothing left to do.)

5.16. Executing MEMORY pass.

5.16.1. Executing OPT_MEM pass (optimize memories).
Performed a total of 0 transformations.

5.16.2. Executing OPT_MEM_PRIORITY pass (removing unnecessary memory write priority relations).
Performed a total of 0 transformations.

5.16.3. Executing OPT_MEM_FEEDBACK pass (finding memory read-to-write feedback paths).
  Analyzing bnn_top.weight_mem write port 0.

5.16.4. Executing MEMORY_BMUX2ROM pass (converting muxes to ROMs).

5.16.5. Executing MEMORY_DFF pass (merging $dff cells to $memrd).
Checking read port `\weight_mem'[0] in module `\bnn_top': no output FF found.
Checking read port address `\weight_mem'[0] in module `\bnn_top': merged address FF to cell.

5.16.6. Executing OPT_CLEAN pass (remove unused cells and wires).
Finding unused cells or wires in module \bnn_top..

5.16.7. Executing MEMORY_SHARE pass (consolidating $memrd/$memwr cells).

5.16.8. Executing OPT_MEM_WIDEN pass (optimize memories where all ports are wide).
Performed a total of 0 transformations.

5.16.9. Executing OPT_CLEAN pass (remove unused cells and wires).
Finding unused cells or wires in module \bnn_top..

5.16.10. Executing MEMORY_COLLECT pass (generating $mem cells).

5.17. Executing OPT_CLEAN pass (remove unused cells and wires).
Finding unused cells or wires in module \bnn_top..

5.18. Executing OPT pass (performing simple optimizations).

5.18.1. Executing OPT_EXPR pass (perform const folding).
Optimizing module bnn_top.
<suppressed ~13 debug messages>

5.18.2. Executing OPT_MERGE pass (detect identical cells).
Finding identical cells in module `\bnn_top'.
Computing hashes of 52 cells of `\bnn_top'.
Finding duplicate cells in `\bnn_top'.
Removed a total of 0 cells.

5.18.3. Executing OPT_DFF pass (perform DFF optimizations).

5.18.4. Executing OPT_CLEAN pass (remove unused cells and wires).
Finding unused cells or wires in module \bnn_top..
Removed 7 unused cells and 17 unused wires.
<suppressed ~8 debug messages>

5.18.5. Finished fast OPT passes.

5.19. Executing MEMORY_MAP pass (converting memories to logic and flip-flops).
Mapping memory \weight_mem in module \bnn_top:
  created 1512 $dff cells and 0 static cells of width 256.
Extracted addr FF from read port 0 of bnn_top.weight_mem: $\weight_mem$rdreg[0]
  read interface: 1 $dff and 2047 $mux cells.
  write interface: 1512 write mux blocks.

5.20. Executing OPT pass (performing simple optimizations).

5.20.1. Executing OPT_EXPR pass (perform const folding).
Optimizing module bnn_top.
<suppressed ~1134 debug messages>

5.20.2. Executing OPT_MERGE pass (detect identical cells).
Finding identical cells in module `\bnn_top'.
Computing hashes of 7735 cells of `\bnn_top'.
Finding duplicate cells in `\bnn_top'.
Removed a total of 0 cells.

5.20.3. Executing OPT_MUXTREE pass (detect dead branches in mux trees).
Running muxtree optimizer on module \bnn_top..
  Creating internal representation of mux trees.
  Evaluating internal representation of mux trees.
  Analyzing evaluation results.
Removed 0 multiplexer ports.
<suppressed ~4546 debug messages>

5.20.4. Executing OPT_REDUCE pass (consolidate $*mux and $reduce_* inputs).
  Optimizing cells in module \bnn_top.
Performed a total of 0 changes.

5.20.5. Executing OPT_MERGE pass (detect identical cells).
Finding identical cells in module `\bnn_top'.
Computing hashes of 7735 cells of `\bnn_top'.
Finding duplicate cells in `\bnn_top'.
Removed a total of 0 cells.

5.20.6. Executing OPT_SHARE pass.

5.20.7. Executing OPT_DFF pass (perform DFF optimizations).
Adding EN signal on $auto$ff.cc:337:slice$771 ($sdffe) from module bnn_top (D = \u_core.accum_out [0], Q = \u_core.accum_out [0]).
Handling D = Q on $auto$ff.cc:337:slice$19338 ($sdffe) from module bnn_top (conecting SRST instead).
Adding SRST signal on $\weight_mem$rdreg[0] ($dff) from module bnn_top (D = $auto$rtlil.cc:3390:Mux$804, Q = $\weight_mem$rdreg[0]$q, rval = 11'00000000000).
Setting constant 0-bit at position 0 on $auto$ff.cc:337:slice$19338 ($dffe) from module bnn_top.

5.20.8. Executing OPT_CLEAN pass (remove unused cells and wires).
Finding unused cells or wires in module \bnn_top..
Removed 3 unused cells and 4107 unused wires.
<suppressed ~4 debug messages>

5.20.9. Executing OPT_EXPR pass (perform const folding).
Optimizing module bnn_top.
<suppressed ~3 debug messages>

5.20.10. Rerunning OPT passes. (Maybe there is more to do..)

5.20.11. Executing OPT_MUXTREE pass (detect dead branches in mux trees).
Running muxtree optimizer on module \bnn_top..
  Creating internal representation of mux trees.
  Evaluating internal representation of mux trees.
  Analyzing evaluation results.
Removed 0 multiplexer ports.
<suppressed ~4542 debug messages>

5.20.12. Executing OPT_REDUCE pass (consolidate $*mux and $reduce_* inputs).
  Optimizing cells in module \bnn_top.
Performed a total of 0 changes.

5.20.13. Executing OPT_MERGE pass (detect identical cells).
Finding identical cells in module `\bnn_top'.
Computing hashes of 7731 cells of `\bnn_top'.
Finding duplicate cells in `\bnn_top'.
Removed a total of 0 cells.

5.20.14. Executing OPT_SHARE pass.

5.20.15. Executing OPT_DFF pass (perform DFF optimizations).
Adding EN signal on $memory\weight_mem[0]$823 ($dff) from module bnn_top (D = \w_data, Q = \weight_mem[0]).
Adding EN signal on $memory\weight_mem[1]$825 ($dff) from module bnn_top (D = \w_data, Q = \weight_mem[1]).
Adding EN signal on $memory\weight_mem[2]$827 ($dff) from module bnn_top (D = \w_data, Q = \weight_mem[2]).
Adding EN signal on $memory\weight_mem[3]$829 ($dff) from module bnn_top (D = \w_data, Q = \weight_mem[3]).
Adding EN signal on $memory\weight_mem[4]$831 ($dff) from module bnn_top (D = \w_data, Q = \weight_mem[4]).
Adding EN signal on $memory\weight_mem[5]$833 ($dff) from module bnn_top (D = \w_data, Q = \weight_mem[5]).
Adding EN signal on $memory\weight_mem[6]$835 ($dff) from module bnn_top (D = \w_data, Q = \weight_mem[6]).
Adding EN signal on $memory\weight_mem[7]$837 ($dff) from module bnn_top (D = \w_data, Q = \weight_mem[7]).
Adding EN signal on $memory\weight_mem[8]$839 ($dff) from module bnn_top (D = \w_data, Q = \weight_mem[8]).
Adding EN signal on $memory\weight_mem[9]$841 ($dff) from module bnn_top (D = \w_data, Q = \weight_mem[9]).
Adding EN signal on $memory\weight_mem[10]$843 ($dff) from module bnn_top (D = \w_data, Q = \weight_mem[10]).
Adding EN signal on $memory\weight_mem[11]$845 ($dff) from module bnn_top (D = \w_data, Q = \weight_mem[11]).
Adding EN signal on $memory\weight_mem[12]$847 ($dff) from module bnn_top (D = \w_data, Q = \weight_mem[12]).
Adding EN signal on $memory\weight_mem[13]$849 ($dff) from module bnn_top (D = \w_data, Q = \weight_mem[13]).
Adding EN signal on $memory\weight_mem[14]$851 ($dff) from module bnn_top (D = \w_data, Q = \weight_mem[14]).
Adding EN signal on $memory\weight_mem[15]$853 ($dff) from module bnn_top (D = \w_data, Q = \weight_mem[15]).
Adding EN signal on $memory\weight_mem[16]$855 ($dff) from module bnn_top (D = \w_data, Q = \weight_mem[16]).
Adding EN signal on $memory\weight_mem[17]$857 ($dff) from module bnn_top (D = \w_data, Q = \weight_mem[17]).
Adding EN signal on $memory\weight_mem[18]$859 ($dff) from module bnn_top (D = \w_data, Q = \weight_mem[18]).
Adding EN signal on $memory\weight_mem[19]$861 ($dff) from module bnn_top (D = \w_data, Q = \weight_mem[19]).
Adding EN signal on $memory\weight_mem[20]$863 ($dff) from module bnn_top (D = \w_data, Q = \weight_mem[20]).
Adding EN signal on $memory\weight_mem[21]$865 ($dff) from module bnn_top (D = \w_data, Q = \weight_mem[21]).
Adding EN signal on $memory\weight_mem[22]$867 ($dff) from module bnn_top (D = \w_data, Q = \weight_mem[22]).
Adding EN signal on $memory\weight_mem[23]$869 ($dff) from module bnn_top (D = \w_data, Q = \weight_mem[23]).
Adding EN signal on $memory\weight_mem[24]$871 ($dff) from module bnn_top (D = \w_data, Q = \weight_mem[24]).
Adding EN signal on $memory\weight_mem[25]$873 ($dff) from module bnn_top (D = \w_data, Q = \weight_mem[25]).
Adding EN signal on $memory\weight_mem[26]$875 ($dff) from module bnn_top (D = \w_data, Q = \weight_mem[26]).
Adding EN signal on $memory\weight_mem[27]$877 ($dff) from module bnn_top (D = \w_data, Q = \weight_mem[27]).
Adding EN signal on $memory\weight_mem[28]$879 ($dff) from module bnn_top (D = \w_data, Q = \weight_mem[28]).
Adding EN signal on $memory\weight_mem[29]$881 ($dff) from module bnn_top (D = \w_data, Q = \weight_mem[29]).
Adding EN signal on $memory\weight_mem[30]$883 ($dff) from module bnn_top (D = \w_data, Q = \weight_mem[30]).
Adding EN signal on $memory\weight_mem[31]$885 ($dff) from module bnn_top (D = \w_data, Q = \weight_mem[31]).
Adding EN signal on $memory\weight_mem[32]$887 ($dff) from module bnn_top (D = \w_data, Q = \weight_mem[32]).
Adding EN signal on $memory\weight_mem[33]$889 ($dff) from module bnn_top (D = \w_data, Q = \weight_mem[33]).
Adding EN signal on $memory\weight_mem[34]$891 ($dff) from module bnn_top (D = \w_data, Q = \weight_mem[34]).
Adding EN signal on $memory\weight_mem[35]$893 ($dff) from module bnn_top (D = \w_data, Q = \weight_mem[35]).
Adding EN signal on $memory\weight_mem[36]$895 ($dff) from module bnn_top (D = \w_data, Q = \weight_mem[36]).
Adding EN signal on $memory\weight_mem[37]$897 ($dff) from module bnn_top (D = \w_data, Q = \weight_mem[37]).
Adding EN signal on $memory\weight_mem[38]$899 ($dff) from module bnn_top (D = \w_data, Q = \weight_mem[38]).
Adding EN signal on $memory\weight_mem[39]$901 ($dff) from module bnn_top (D = \w_data, Q = \weight_mem[39]).
Adding EN signal on $memory\weight_mem[40]$903 ($dff) from module bnn_top (D = \w_data, Q = \weight_mem[40]).
Adding EN signal on $memory\weight_mem[41]$905 ($dff) from module bnn_top (D = \w_data, Q = \weight_mem[41]).
Adding EN signal on $memory\weight_mem[42]$907 ($dff) from module bnn_top (D = \w_data, Q = \weight_mem[42]).
Adding EN signal on $memory\weight_mem[43]$909 ($dff) from module bnn_top (D = \w_data, Q = \weight_mem[43]).
Adding EN signal on $memory\weight_mem[44]$911 ($dff) from module bnn_top (D = \w_data, Q = \weight_mem[44]).
Adding EN signal on $memory\weight_mem[45]$913 ($dff) from module bnn_top (D = \w_data, Q = \weight_mem[45]).
Adding EN signal on $memory\weight_mem[46]$915 ($dff) from module bnn_top (D = \w_data, Q = \weight_mem[46]).
Adding EN signal on $memory\weight_mem[47]$917 ($dff) from module bnn_top (D = \w_data, Q = \weight_mem[47]).
Adding EN signal on $memory\weight_mem[48]$919 ($dff) from module bnn_top (D = \w_data, Q = \weight_mem[48]).
Adding EN signal on $memory\weight_mem[49]$921 ($dff) from module bnn_top (D = \w_data, Q = \weight_mem[49]).
Adding EN signal on $memory\weight_mem[50]$923 ($dff) from module bnn_top (D = \w_data, Q = \weight_mem[50]).
Adding EN signal on $memory\weight_mem[51]$925 ($dff) from module bnn_top (D = \w_data, Q = \weight_mem[51]).
Adding EN signal on $memory\weight_mem[52]$927 ($dff) from module bnn_top (D = \w_data, Q = \weight_mem[52]).
Adding EN signal on $memory\weight_mem[53]$929 ($dff) from module bnn_top (D = \w_data, Q = \weight_mem[53]).
Adding EN signal on $memory\weight_mem[54]$931 ($dff) from module bnn_top (D = \w_data, Q = \weight_mem[54]).
Adding EN signal on $memory\weight_mem[55]$933 ($dff) from module bnn_top (D = \w_data, Q = \weight_mem[55]).
Adding EN signal on $memory\weight_mem[56]$935 ($dff) from module bnn_top (D = \w_data, Q = \weight_mem[56]).
Adding EN signal on $memory\weight_mem[57]$937 ($dff) from module bnn_top (D = \w_data, Q = \weight_mem[57]).
Adding EN signal on $memory\weight_mem[58]$939 ($dff) from module bnn_top (D = \w_data, Q = \weight_mem[58]).
Adding EN signal on $memory\weight_mem[59]$941 ($dff) from module bnn_top (D = \w_data, Q = \weight_mem[59]).
Adding EN signal on $memory\weight_mem[60]$943 ($dff) from module bnn_top (D = \w_data, Q = \weight_mem[60]).
Adding EN signal on $memory\weight_mem[61]$945 ($dff) from module bnn_top (D = \w_data, Q = \weight_mem[61]).
Adding EN signal on $memory\weight_mem[62]$947 ($dff) from module bnn_top (D = \w_data, Q = \weight_mem[62]).
Adding EN signal on $memory\weight_mem[63]$949 ($dff) from module bnn_top (D = \w_data, Q = \weight_mem[63]).
Adding EN signal on $memory\weight_mem[64]$951 ($dff) from module bnn_top (D = \w_data, Q = \weight_mem[64]).
Adding EN signal on $memory\weight_mem[65]$953 ($dff) from module bnn_top (D = \w_data, Q = \weight_mem[65]).
Adding EN signal on $memory\weight_mem[66]$955 ($dff) from module bnn_top (D = \w_data, Q = \weight_mem[66]).
Adding EN signal on $memory\weight_mem[67]$957 ($dff) from module bnn_top (D = \w_data, Q = \weight_mem[67]).
Adding EN signal on $memory\weight_mem[68]$959 ($dff) from module bnn_top (D = \w_data, Q = \weight_mem[68]).
Adding EN signal on $memory\weight_mem[69]$961 ($dff) from module bnn_top (D = \w_data, Q = \weight_mem[69]).
Adding EN signal on $memory\weight_mem[70]$963 ($dff) from module bnn_top (D = \w_data, Q = \weight_mem[70]).
Adding EN signal on $memory\weight_mem[71]$965 ($dff) from module bnn_top (D = \w_data, Q = \weight_mem[71]).
Adding EN signal on $memory\weight_mem[72]$967 ($dff) from module bnn_top (D = \w_data, Q = \weight_mem[72]).
Adding EN signal on $memory\weight_mem[73]$969 ($dff) from module bnn_top (D = \w_data, Q = \weight_mem[73]).
Adding EN signal on $memory\weight_mem[74]$971 ($dff) from module bnn_top (D = \w_data, Q = \weight_mem[74]).
Adding EN signal on $memory\weight_mem[75]$973 ($dff) from module bnn_top (D = \w_data, Q = \weight_mem[75]).
Adding EN signal on $memory\weight_mem[76]$975 ($dff) from module bnn_top (D = \w_data, Q = \weight_mem[76]).
Adding EN signal on $memory\weight_mem[77]$977 ($dff) from module bnn_top (D = \w_data, Q = \weight_mem[77]).
Adding EN signal on $memory\weight_mem[78]$979 ($dff) from module bnn_top (D = \w_data, Q = \weight_mem[78]).
Adding EN signal on $memory\weight_mem[79]$981 ($dff) from module bnn_top (D = \w_data, Q = \weight_mem[79]).
Adding EN signal on $memory\weight_mem[80]$983 ($dff) from module bnn_top (D = \w_data, Q = \weight_mem[80]).
Adding EN signal on $memory\weight_mem[81]$985 ($dff) from module bnn_top (D = \w_data, Q = \weight_mem[81]).
Adding EN signal on $memory\weight_mem[82]$987 ($dff) from module bnn_top (D = \w_data, Q = \weight_mem[82]).
Adding EN signal on $memory\weight_mem[83]$989 ($dff) from module bnn_top (D = \w_data, Q = \weight_mem[83]).
Adding EN signal on $memory\weight_mem[84]$991 ($dff) from module bnn_top (D = \w_data, Q = \weight_mem[84]).
Adding EN signal on $memory\weight_mem[85]$993 ($dff) from module bnn_top (D = \w_data, Q = \weight_mem[85]).
Adding EN signal on $memory\weight_mem[86]$995 ($dff) from module bnn_top (D = \w_data, Q = \weight_mem[86]).
Adding EN signal on $memory\weight_mem[87]$997 ($dff) from module bnn_top (D = \w_data, Q = \weight_mem[87]).
Adding EN signal on $memory\weight_mem[88]$999 ($dff) from module bnn_top (D = \w_data, Q = \weight_mem[88]).
Adding EN signal on $memory\weight_mem[89]$1001 ($dff) from module bnn_top (D = \w_data, Q = \weight_mem[89]).
Adding EN signal on $memory\weight_mem[90]$1003 ($dff) from module bnn_top (D = \w_data, Q = \weight_mem[90]).
Adding EN signal on $memory\weight_mem[91]$1005 ($dff) from module bnn_top (D = \w_data, Q = \weight_mem[91]).
Adding EN signal on $memory\weight_mem[92]$1007 ($dff) from module bnn_top (D = \w_data, Q = \weight_mem[92]).
Adding EN signal on $memory\weight_mem[93]$1009 ($dff) from module bnn_top (D = \w_data, Q = \weight_mem[93]).
Adding EN signal on $memory\weight_mem[94]$1011 ($dff) from module bnn_top (D = \w_data, Q = \weight_mem[94]).
Adding EN signal on $memory\weight_mem[95]$1013 ($dff) from module bnn_top (D = \w_data, Q = \weight_mem[95]).
Adding EN signal on $memory\weight_mem[96]$1015 ($dff) from module bnn_top (D = \w_data, Q = \weight_mem[96]).
Adding EN signal on $memory\weight_mem[97]$1017 ($dff) from module bnn_top (D = \w_data, Q = \weight_mem[97]).
Adding EN signal on $memory\weight_mem[98]$1019 ($dff) from module bnn_top (D = \w_data, Q = \weight_mem[98]).
Adding EN signal on $memory\weight_mem[99]$1021 ($dff) from module bnn_top (D = \w_data, Q = \weight_mem[99]).
Adding EN signal on $memory\weight_mem[100]$1023 ($dff) from module bnn_top (D = \w_data, Q = \weight_mem[100]).
Adding EN signal on $memory\weight_mem[101]$1025 ($dff) from module bnn_top (D = \w_data, Q = \weight_mem[101]).
Adding EN signal on $memory\weight_mem[102]$1027 ($dff) from module bnn_top (D = \w_data, Q = \weight_mem[102]).
Adding EN signal on $memory\weight_mem[103]$1029 ($dff) from module bnn_top (D = \w_data, Q = \weight_mem[103]).
Adding EN signal on $memory\weight_mem[104]$1031 ($dff) from module bnn_top (D = \w_data, Q = \weight_mem[104]).
Adding EN signal on $memory\weight_mem[105]$1033 ($dff) from module bnn_top (D = \w_data, Q = \weight_mem[105]).
Adding EN signal on $memory\weight_mem[106]$1035 ($dff) from module bnn_top (D = \w_data, Q = \weight_mem[106]).
Adding EN signal on $memory\weight_mem[107]$1037 ($dff) from module bnn_top (D = \w_data, Q = \weight_mem[107]).
Adding EN signal on $memory\weight_mem[108]$1039 ($dff) from module bnn_top (D = \w_data, Q = \weight_mem[108]).
Adding EN signal on $memory\weight_mem[109]$1041 ($dff) from module bnn_top (D = \w_data, Q = \weight_mem[109]).
Adding EN signal on $memory\weight_mem[110]$1043 ($dff) from module bnn_top (D = \w_data, Q = \weight_mem[110]).
Adding EN signal on $memory\weight_mem[111]$1045 ($dff) from module bnn_top (D = \w_data, Q = \weight_mem[111]).
Adding EN signal on $memory\weight_mem[112]$1047 ($dff) from module bnn_top (D = \w_data, Q = \weight_mem[112]).
Adding EN signal on $memory\weight_mem[113]$1049 ($dff) from module bnn_top (D = \w_data, Q = \weight_mem[113]).
Adding EN signal on $memory\weight_mem[114]$1051 ($dff) from module bnn_top (D = \w_data, Q = \weight_mem[114]).
Adding EN signal on $memory\weight_mem[115]$1053 ($dff) from module bnn_top (D = \w_data, Q = \weight_mem[115]).
Adding EN signal on $memory\weight_mem[116]$1055 ($dff) from module bnn_top (D = \w_data, Q = \weight_mem[116]).
Adding EN signal on $memory\weight_mem[117]$1057 ($dff) from module bnn_top (D = \w_data, Q = \weight_mem[117]).
Adding EN signal on $memory\weight_mem[118]$1059 ($dff) from module bnn_top (D = \w_data, Q = \weight_mem[118]).
Adding EN signal on $memory\weight_mem[119]$1061 ($dff) from module bnn_top (D = \w_data, Q = \weight_mem[119]).
Adding EN signal on $memory\weight_mem[120]$1063 ($dff) from module bnn_top (D = \w_data, Q = \weight_mem[120]).
Adding EN signal on $memory\weight_mem[121]$1065 ($dff) from module bnn_top (D = \w_data, Q = \weight_mem[121]).
Adding EN signal on $memory\weight_mem[122]$1067 ($dff) from module bnn_top (D = \w_data, Q = \weight_mem[122]).
Adding EN signal on $memory\weight_mem[123]$1069 ($dff) from module bnn_top (D = \w_data, Q = \weight_mem[123]).
Adding EN signal on $memory\weight_mem[124]$1071 ($dff) from module bnn_top (D = \w_data, Q = \weight_mem[124]).
Adding EN signal on $memory\weight_mem[125]$1073 ($dff) from module bnn_top (D = \w_data, Q = \weight_mem[125]).
Adding EN signal on $memory\weight_mem[126]$1075 ($dff) from module bnn_top (D = \w_data, Q = \weight_mem[126]).
Adding EN signal on $memory\weight_mem[127]$1077 ($dff) from module bnn_top (D = \w_data, Q = \weight_mem[127]).
Adding EN signal on $memory\weight_mem[128]$1079 ($dff) from module bnn_top (D = \w_data, Q = \weight_mem[128]).
Adding EN signal on $memory\weight_mem[129]$1081 ($dff) from module bnn_top (D = \w_data, Q = \weight_mem[129]).
Adding EN signal on $memory\weight_mem[130]$1083 ($dff) from module bnn_top (D = \w_data, Q = \weight_mem[130]).
Adding EN signal on $memory\weight_mem[131]$1085 ($dff) from module bnn_top (D = \w_data, Q = \weight_mem[131]).
Adding EN signal on $memory\weight_mem[132]$1087 ($dff) from module bnn_top (D = \w_data, Q = \weight_mem[132]).
Adding EN signal on $memory\weight_mem[133]$1089 ($dff) from module bnn_top (D = \w_data, Q = \weight_mem[133]).
Adding EN signal on $memory\weight_mem[134]$1091 ($dff) from module bnn_top (D = \w_data, Q = \weight_mem[134]).
Adding EN signal on $memory\weight_mem[135]$1093 ($dff) from module bnn_top (D = \w_data, Q = \weight_mem[135]).
Adding EN signal on $memory\weight_mem[136]$1095 ($dff) from module bnn_top (D = \w_data, Q = \weight_mem[136]).
Adding EN signal on $memory\weight_mem[137]$1097 ($dff) from module bnn_top (D = \w_data, Q = \weight_mem[137]).
Adding EN signal on $memory\weight_mem[138]$1099 ($dff) from module bnn_top (D = \w_data, Q = \weight_mem[138]).
Adding EN signal on $memory\weight_mem[139]$1101 ($dff) from module bnn_top (D = \w_data, Q = \weight_mem[139]).
Adding EN signal on $memory\weight_mem[140]$1103 ($dff) from module bnn_top (D = \w_data, Q = \weight_mem[140]).
Adding EN signal on $memory\weight_mem[141]$1105 ($dff) from module bnn_top (D = \w_data, Q = \weight_mem[141]).
Adding EN signal on $memory\weight_mem[142]$1107 ($dff) from module bnn_top (D = \w_data, Q = \weight_mem[142]).
Adding EN signal on $memory\weight_mem[143]$1109 ($dff) from module bnn_top (D = \w_data, Q = \weight_mem[143]).
Adding EN signal on $memory\weight_mem[144]$1111 ($dff) from module bnn_top (D = \w_data, Q = \weight_mem[144]).
Adding EN signal on $memory\weight_mem[145]$1113 ($dff) from module bnn_top (D = \w_data, Q = \weight_mem[145]).
Adding EN signal on $memory\weight_mem[146]$1115 ($dff) from module bnn_top (D = \w_data, Q = \weight_mem[146]).
Adding EN signal on $memory\weight_mem[147]$1117 ($dff) from module bnn_top (D = \w_data, Q = \weight_mem[147]).
Adding EN signal on $memory\weight_mem[148]$1119 ($dff) from module bnn_top (D = \w_data, Q = \weight_mem[148]).
Adding EN signal on $memory\weight_mem[149]$1121 ($dff) from module bnn_top (D = \w_data, Q = \weight_mem[149]).
Adding EN signal on $memory\weight_mem[150]$1123 ($dff) from module bnn_top (D = \w_data, Q = \weight_mem[150]).
Adding EN signal on $memory\weight_mem[151]$1125 ($dff) from module bnn_top (D = \w_data, Q = \weight_mem[151]).
Adding EN signal on $memory\weight_mem[152]$1127 ($dff) from module bnn_top (D = \w_data, Q = \weight_mem[152]).
Adding EN signal on $memory\weight_mem[153]$1129 ($dff) from module bnn_top (D = \w_data, Q = \weight_mem[153]).
Adding EN signal on $memory\weight_mem[154]$1131 ($dff) from module bnn_top (D = \w_data, Q = \weight_mem[154]).
Adding EN signal on $memory\weight_mem[155]$1133 ($dff) from module bnn_top (D = \w_data, Q = \weight_mem[155]).
Adding EN signal on $memory\weight_mem[156]$1135 ($dff) from module bnn_top (D = \w_data, Q = \weight_mem[156]).
Adding EN signal on $memory\weight_mem[157]$1137 ($dff) from module bnn_top (D = \w_data, Q = \weight_mem[157]).
Adding EN signal on $memory\weight_mem[158]$1139 ($dff) from module bnn_top (D = \w_data, Q = \weight_mem[158]).
Adding EN signal on $memory\weight_mem[159]$1141 ($dff) from module bnn_top (D = \w_data, Q = \weight_mem[159]).
Adding EN signal on $memory\weight_mem[160]$1143 ($dff) from module bnn_top (D = \w_data, Q = \weight_mem[160]).
Adding EN signal on $memory\weight_mem[161]$1145 ($dff) from module bnn_top (D = \w_data, Q = \weight_mem[161]).
Adding EN signal on $memory\weight_mem[162]$1147 ($dff) from module bnn_top (D = \w_data, Q = \weight_mem[162]).
Adding EN signal on $memory\weight_mem[163]$1149 ($dff) from module bnn_top (D = \w_data, Q = \weight_mem[163]).
Adding EN signal on $memory\weight_mem[164]$1151 ($dff) from module bnn_top (D = \w_data, Q = \weight_mem[164]).
Adding EN signal on $memory\weight_mem[165]$1153 ($dff) from module bnn_top (D = \w_data, Q = \weight_mem[165]).
Adding EN signal on $memory\weight_mem[166]$1155 ($dff) from module bnn_top (D = \w_data, Q = \weight_mem[166]).
Adding EN signal on $memory\weight_mem[167]$1157 ($dff) from module bnn_top (D = \w_data, Q = \weight_mem[167]).
Adding EN signal on $memory\weight_mem[168]$1159 ($dff) from module bnn_top (D = \w_data, Q = \weight_mem[168]).
Adding EN signal on $memory\weight_mem[169]$1161 ($dff) from module bnn_top (D = \w_data, Q = \weight_mem[169]).
Adding EN signal on $memory\weight_mem[170]$1163 ($dff) from module bnn_top (D = \w_data, Q = \weight_mem[170]).
Adding EN signal on $memory\weight_mem[171]$1165 ($dff) from module bnn_top (D = \w_data, Q = \weight_mem[171]).
Adding EN signal on $memory\weight_mem[172]$1167 ($dff) from module bnn_top (D = \w_data, Q = \weight_mem[172]).
Adding EN signal on $memory\weight_mem[173]$1169 ($dff) from module bnn_top (D = \w_data, Q = \weight_mem[173]).
Adding EN signal on $memory\weight_mem[174]$1171 ($dff) from module bnn_top (D = \w_data, Q = \weight_mem[174]).
Adding EN signal on $memory\weight_mem[175]$1173 ($dff) from module bnn_top (D = \w_data, Q = \weight_mem[175]).
Adding EN signal on $memory\weight_mem[176]$1175 ($dff) from module bnn_top (D = \w_data, Q = \weight_mem[176]).
Adding EN signal on $memory\weight_mem[177]$1177 ($dff) from module bnn_top (D = \w_data, Q = \weight_mem[177]).
Adding EN signal on $memory\weight_mem[178]$1179 ($dff) from module bnn_top (D = \w_data, Q = \weight_mem[178]).
Adding EN signal on $memory\weight_mem[179]$1181 ($dff) from module bnn_top (D = \w_data, Q = \weight_mem[179]).
Adding EN signal on $memory\weight_mem[180]$1183 ($dff) from module bnn_top (D = \w_data, Q = \weight_mem[180]).
Adding EN signal on $memory\weight_mem[181]$1185 ($dff) from module bnn_top (D = \w_data, Q = \weight_mem[181]).
Adding EN signal on $memory\weight_mem[182]$1187 ($dff) from module bnn_top (D = \w_data, Q = \weight_mem[182]).
Adding EN signal on $memory\weight_mem[183]$1189 ($dff) from module bnn_top (D = \w_data, Q = \weight_mem[183]).
Adding EN signal on $memory\weight_mem[184]$1191 ($dff) from module bnn_top (D = \w_data, Q = \weight_mem[184]).
Adding EN signal on $memory\weight_mem[185]$1193 ($dff) from module bnn_top (D = \w_data, Q = \weight_mem[185]).
Adding EN signal on $memory\weight_mem[186]$1195 ($dff) from module bnn_top (D = \w_data, Q = \weight_mem[186]).
Adding EN signal on $memory\weight_mem[187]$1197 ($dff) from module bnn_top (D = \w_data, Q = \weight_mem[187]).
Adding EN signal on $memory\weight_mem[188]$1199 ($dff) from module bnn_top (D = \w_data, Q = \weight_mem[188]).
Adding EN signal on $memory\weight_mem[189]$1201 ($dff) from module bnn_top (D = \w_data, Q = \weight_mem[189]).
Adding EN signal on $memory\weight_mem[190]$1203 ($dff) from module bnn_top (D = \w_data, Q = \weight_mem[190]).
Adding EN signal on $memory\weight_mem[191]$1205 ($dff) from module bnn_top (D = \w_data, Q = \weight_mem[191]).
Adding EN signal on $memory\weight_mem[192]$1207 ($dff) from module bnn_top (D = \w_data, Q = \weight_mem[192]).
Adding EN signal on $memory\weight_mem[193]$1209 ($dff) from module bnn_top (D = \w_data, Q = \weight_mem[193]).
Adding EN signal on $memory\weight_mem[194]$1211 ($dff) from module bnn_top (D = \w_data, Q = \weight_mem[194]).
Adding EN signal on $memory\weight_mem[195]$1213 ($dff) from module bnn_top (D = \w_data, Q = \weight_mem[195]).
Adding EN signal on $memory\weight_mem[196]$1215 ($dff) from module bnn_top (D = \w_data, Q = \weight_mem[196]).
Adding EN signal on $memory\weight_mem[197]$1217 ($dff) from module bnn_top (D = \w_data, Q = \weight_mem[197]).
Adding EN signal on $memory\weight_mem[198]$1219 ($dff) from module bnn_top (D = \w_data, Q = \weight_mem[198]).
Adding EN signal on $memory\weight_mem[199]$1221 ($dff) from module bnn_top (D = \w_data, Q = \weight_mem[199]).
Adding EN signal on $memory\weight_mem[200]$1223 ($dff) from module bnn_top (D = \w_data, Q = \weight_mem[200]).
Adding EN signal on $memory\weight_mem[201]$1225 ($dff) from module bnn_top (D = \w_data, Q = \weight_mem[201]).
Adding EN signal on $memory\weight_mem[202]$1227 ($dff) from module bnn_top (D = \w_data, Q = \weight_mem[202]).
Adding EN signal on $memory\weight_mem[203]$1229 ($dff) from module bnn_top (D = \w_data, Q = \weight_mem[203]).
Adding EN signal on $memory\weight_mem[204]$1231 ($dff) from module bnn_top (D = \w_data, Q = \weight_mem[204]).
Adding EN signal on $memory\weight_mem[205]$1233 ($dff) from module bnn_top (D = \w_data, Q = \weight_mem[205]).
Adding EN signal on $memory\weight_mem[206]$1235 ($dff) from module bnn_top (D = \w_data, Q = \weight_mem[206]).
Adding EN signal on $memory\weight_mem[207]$1237 ($dff) from module bnn_top (D = \w_data, Q = \weight_mem[207]).
Adding EN signal on $memory\weight_mem[208]$1239 ($dff) from module bnn_top (D = \w_data, Q = \weight_mem[208]).
Adding EN signal on $memory\weight_mem[209]$1241 ($dff) from module bnn_top (D = \w_data, Q = \weight_mem[209]).
Adding EN signal on $memory\weight_mem[210]$1243 ($dff) from module bnn_top (D = \w_data, Q = \weight_mem[210]).
Adding EN signal on $memory\weight_mem[211]$1245 ($dff) from module bnn_top (D = \w_data, Q = \weight_mem[211]).
Adding EN signal on $memory\weight_mem[212]$1247 ($dff) from module bnn_top (D = \w_data, Q = \weight_mem[212]).
Adding EN signal on $memory\weight_mem[213]$1249 ($dff) from module bnn_top (D = \w_data, Q = \weight_mem[213]).
Adding EN signal on $memory\weight_mem[214]$1251 ($dff) from module bnn_top (D = \w_data, Q = \weight_mem[214]).
Adding EN signal on $memory\weight_mem[215]$1253 ($dff) from module bnn_top (D = \w_data, Q = \weight_mem[215]).
Adding EN signal on $memory\weight_mem[216]$1255 ($dff) from module bnn_top (D = \w_data, Q = \weight_mem[216]).
Adding EN signal on $memory\weight_mem[217]$1257 ($dff) from module bnn_top (D = \w_data, Q = \weight_mem[217]).
Adding EN signal on $memory\weight_mem[218]$1259 ($dff) from module bnn_top (D = \w_data, Q = \weight_mem[218]).
Adding EN signal on $memory\weight_mem[219]$1261 ($dff) from module bnn_top (D = \w_data, Q = \weight_mem[219]).
Adding EN signal on $memory\weight_mem[220]$1263 ($dff) from module bnn_top (D = \w_data, Q = \weight_mem[220]).
Adding EN signal on $memory\weight_mem[221]$1265 ($dff) from module bnn_top (D = \w_data, Q = \weight_mem[221]).
Adding EN signal on $memory\weight_mem[222]$1267 ($dff) from module bnn_top (D = \w_data, Q = \weight_mem[222]).
Adding EN signal on $memory\weight_mem[223]$1269 ($dff) from module bnn_top (D = \w_data, Q = \weight_mem[223]).
Adding EN signal on $memory\weight_mem[224]$1271 ($dff) from module bnn_top (D = \w_data, Q = \weight_mem[224]).
Adding EN signal on $memory\weight_mem[225]$1273 ($dff) from module bnn_top (D = \w_data, Q = \weight_mem[225]).
Adding EN signal on $memory\weight_mem[226]$1275 ($dff) from module bnn_top (D = \w_data, Q = \weight_mem[226]).
Adding EN signal on $memory\weight_mem[227]$1277 ($dff) from module bnn_top (D = \w_data, Q = \weight_mem[227]).
Adding EN signal on $memory\weight_mem[228]$1279 ($dff) from module bnn_top (D = \w_data, Q = \weight_mem[228]).
Adding EN signal on $memory\weight_mem[229]$1281 ($dff) from module bnn_top (D = \w_data, Q = \weight_mem[229]).
Adding EN signal on $memory\weight_mem[230]$1283 ($dff) from module bnn_top (D = \w_data, Q = \weight_mem[230]).
Adding EN signal on $memory\weight_mem[231]$1285 ($dff) from module bnn_top (D = \w_data, Q = \weight_mem[231]).
Adding EN signal on $memory\weight_mem[232]$1287 ($dff) from module bnn_top (D = \w_data, Q = \weight_mem[232]).
Adding EN signal on $memory\weight_mem[233]$1289 ($dff) from module bnn_top (D = \w_data, Q = \weight_mem[233]).
Adding EN signal on $memory\weight_mem[234]$1291 ($dff) from module bnn_top (D = \w_data, Q = \weight_mem[234]).
Adding EN signal on $memory\weight_mem[235]$1293 ($dff) from module bnn_top (D = \w_data, Q = \weight_mem[235]).
Adding EN signal on $memory\weight_mem[236]$1295 ($dff) from module bnn_top (D = \w_data, Q = \weight_mem[236]).
Adding EN signal on $memory\weight_mem[237]$1297 ($dff) from module bnn_top (D = \w_data, Q = \weight_mem[237]).
Adding EN signal on $memory\weight_mem[238]$1299 ($dff) from module bnn_top (D = \w_data, Q = \weight_mem[238]).
Adding EN signal on $memory\weight_mem[239]$1301 ($dff) from module bnn_top (D = \w_data, Q = \weight_mem[239]).
Adding EN signal on $memory\weight_mem[240]$1303 ($dff) from module bnn_top (D = \w_data, Q = \weight_mem[240]).
Adding EN signal on $memory\weight_mem[241]$1305 ($dff) from module bnn_top (D = \w_data, Q = \weight_mem[241]).
Adding EN signal on $memory\weight_mem[242]$1307 ($dff) from module bnn_top (D = \w_data, Q = \weight_mem[242]).
Adding EN signal on $memory\weight_mem[243]$1309 ($dff) from module bnn_top (D = \w_data, Q = \weight_mem[243]).
Adding EN signal on $memory\weight_mem[244]$1311 ($dff) from module bnn_top (D = \w_data, Q = \weight_mem[244]).
Adding EN signal on $memory\weight_mem[245]$1313 ($dff) from module bnn_top (D = \w_data, Q = \weight_mem[245]).
Adding EN signal on $memory\weight_mem[246]$1315 ($dff) from module bnn_top (D = \w_data, Q = \weight_mem[246]).
Adding EN signal on $memory\weight_mem[247]$1317 ($dff) from module bnn_top (D = \w_data, Q = \weight_mem[247]).
Adding EN signal on $memory\weight_mem[248]$1319 ($dff) from module bnn_top (D = \w_data, Q = \weight_mem[248]).
Adding EN signal on $memory\weight_mem[249]$1321 ($dff) from module bnn_top (D = \w_data, Q = \weight_mem[249]).
Adding EN signal on $memory\weight_mem[250]$1323 ($dff) from module bnn_top (D = \w_data, Q = \weight_mem[250]).
Adding EN signal on $memory\weight_mem[251]$1325 ($dff) from module bnn_top (D = \w_data, Q = \weight_mem[251]).
Adding EN signal on $memory\weight_mem[252]$1327 ($dff) from module bnn_top (D = \w_data, Q = \weight_mem[252]).
Adding EN signal on $memory\weight_mem[253]$1329 ($dff) from module bnn_top (D = \w_data, Q = \weight_mem[253]).
Adding EN signal on $memory\weight_mem[254]$1331 ($dff) from module bnn_top (D = \w_data, Q = \weight_mem[254]).
Adding EN signal on $memory\weight_mem[255]$1333 ($dff) from module bnn_top (D = \w_data, Q = \weight_mem[255]).
Adding EN signal on $memory\weight_mem[256]$1335 ($dff) from module bnn_top (D = \w_data, Q = \weight_mem[256]).
Adding EN signal on $memory\weight_mem[257]$1337 ($dff) from module bnn_top (D = \w_data, Q = \weight_mem[257]).
Adding EN signal on $memory\weight_mem[258]$1339 ($dff) from module bnn_top (D = \w_data, Q = \weight_mem[258]).
Adding EN signal on $memory\weight_mem[259]$1341 ($dff) from module bnn_top (D = \w_data, Q = \weight_mem[259]).
Adding EN signal on $memory\weight_mem[260]$1343 ($dff) from module bnn_top (D = \w_data, Q = \weight_mem[260]).
Adding EN signal on $memory\weight_mem[261]$1345 ($dff) from module bnn_top (D = \w_data, Q = \weight_mem[261]).
Adding EN signal on $memory\weight_mem[262]$1347 ($dff) from module bnn_top (D = \w_data, Q = \weight_mem[262]).
Adding EN signal on $memory\weight_mem[263]$1349 ($dff) from module bnn_top (D = \w_data, Q = \weight_mem[263]).
Adding EN signal on $memory\weight_mem[264]$1351 ($dff) from module bnn_top (D = \w_data, Q = \weight_mem[264]).
Adding EN signal on $memory\weight_mem[265]$1353 ($dff) from module bnn_top (D = \w_data, Q = \weight_mem[265]).
Adding EN signal on $memory\weight_mem[266]$1355 ($dff) from module bnn_top (D = \w_data, Q = \weight_mem[266]).
Adding EN signal on $memory\weight_mem[267]$1357 ($dff) from module bnn_top (D = \w_data, Q = \weight_mem[267]).
Adding EN signal on $memory\weight_mem[268]$1359 ($dff) from module bnn_top (D = \w_data, Q = \weight_mem[268]).
Adding EN signal on $memory\weight_mem[269]$1361 ($dff) from module bnn_top (D = \w_data, Q = \weight_mem[269]).
Adding EN signal on $memory\weight_mem[270]$1363 ($dff) from module bnn_top (D = \w_data, Q = \weight_mem[270]).
Adding EN signal on $memory\weight_mem[271]$1365 ($dff) from module bnn_top (D = \w_data, Q = \weight_mem[271]).
Adding EN signal on $memory\weight_mem[272]$1367 ($dff) from module bnn_top (D = \w_data, Q = \weight_mem[272]).
Adding EN signal on $memory\weight_mem[273]$1369 ($dff) from module bnn_top (D = \w_data, Q = \weight_mem[273]).
Adding EN signal on $memory\weight_mem[274]$1371 ($dff) from module bnn_top (D = \w_data, Q = \weight_mem[274]).
Adding EN signal on $memory\weight_mem[275]$1373 ($dff) from module bnn_top (D = \w_data, Q = \weight_mem[275]).
Adding EN signal on $memory\weight_mem[276]$1375 ($dff) from module bnn_top (D = \w_data, Q = \weight_mem[276]).
Adding EN signal on $memory\weight_mem[277]$1377 ($dff) from module bnn_top (D = \w_data, Q = \weight_mem[277]).
Adding EN signal on $memory\weight_mem[278]$1379 ($dff) from module bnn_top (D = \w_data, Q = \weight_mem[278]).
Adding EN signal on $memory\weight_mem[279]$1381 ($dff) from module bnn_top (D = \w_data, Q = \weight_mem[279]).
Adding EN signal on $memory\weight_mem[280]$1383 ($dff) from module bnn_top (D = \w_data, Q = \weight_mem[280]).
Adding EN signal on $memory\weight_mem[281]$1385 ($dff) from module bnn_top (D = \w_data, Q = \weight_mem[281]).
Adding EN signal on $memory\weight_mem[282]$1387 ($dff) from module bnn_top (D = \w_data, Q = \weight_mem[282]).
Adding EN signal on $memory\weight_mem[283]$1389 ($dff) from module bnn_top (D = \w_data, Q = \weight_mem[283]).
Adding EN signal on $memory\weight_mem[284]$1391 ($dff) from module bnn_top (D = \w_data, Q = \weight_mem[284]).
Adding EN signal on $memory\weight_mem[285]$1393 ($dff) from module bnn_top (D = \w_data, Q = \weight_mem[285]).
Adding EN signal on $memory\weight_mem[286]$1395 ($dff) from module bnn_top (D = \w_data, Q = \weight_mem[286]).
Adding EN signal on $memory\weight_mem[287]$1397 ($dff) from module bnn_top (D = \w_data, Q = \weight_mem[287]).
Adding EN signal on $memory\weight_mem[288]$1399 ($dff) from module bnn_top (D = \w_data, Q = \weight_mem[288]).
Adding EN signal on $memory\weight_mem[289]$1401 ($dff) from module bnn_top (D = \w_data, Q = \weight_mem[289]).
Adding EN signal on $memory\weight_mem[290]$1403 ($dff) from module bnn_top (D = \w_data, Q = \weight_mem[290]).
Adding EN signal on $memory\weight_mem[291]$1405 ($dff) from module bnn_top (D = \w_data, Q = \weight_mem[291]).
Adding EN signal on $memory\weight_mem[292]$1407 ($dff) from module bnn_top (D = \w_data, Q = \weight_mem[292]).
Adding EN signal on $memory\weight_mem[293]$1409 ($dff) from module bnn_top (D = \w_data, Q = \weight_mem[293]).
Adding EN signal on $memory\weight_mem[294]$1411 ($dff) from module bnn_top (D = \w_data, Q = \weight_mem[294]).
Adding EN signal on $memory\weight_mem[295]$1413 ($dff) from module bnn_top (D = \w_data, Q = \weight_mem[295]).
Adding EN signal on $memory\weight_mem[296]$1415 ($dff) from module bnn_top (D = \w_data, Q = \weight_mem[296]).
Adding EN signal on $memory\weight_mem[297]$1417 ($dff) from module bnn_top (D = \w_data, Q = \weight_mem[297]).
Adding EN signal on $memory\weight_mem[298]$1419 ($dff) from module bnn_top (D = \w_data, Q = \weight_mem[298]).
Adding EN signal on $memory\weight_mem[299]$1421 ($dff) from module bnn_top (D = \w_data, Q = \weight_mem[299]).
Adding EN signal on $memory\weight_mem[300]$1423 ($dff) from module bnn_top (D = \w_data, Q = \weight_mem[300]).
Adding EN signal on $memory\weight_mem[301]$1425 ($dff) from module bnn_top (D = \w_data, Q = \weight_mem[301]).
Adding EN signal on $memory\weight_mem[302]$1427 ($dff) from module bnn_top (D = \w_data, Q = \weight_mem[302]).
Adding EN signal on $memory\weight_mem[303]$1429 ($dff) from module bnn_top (D = \w_data, Q = \weight_mem[303]).
Adding EN signal on $memory\weight_mem[304]$1431 ($dff) from module bnn_top (D = \w_data, Q = \weight_mem[304]).
Adding EN signal on $memory\weight_mem[305]$1433 ($dff) from module bnn_top (D = \w_data, Q = \weight_mem[305]).
Adding EN signal on $memory\weight_mem[306]$1435 ($dff) from module bnn_top (D = \w_data, Q = \weight_mem[306]).
Adding EN signal on $memory\weight_mem[307]$1437 ($dff) from module bnn_top (D = \w_data, Q = \weight_mem[307]).
Adding EN signal on $memory\weight_mem[308]$1439 ($dff) from module bnn_top (D = \w_data, Q = \weight_mem[308]).
Adding EN signal on $memory\weight_mem[309]$1441 ($dff) from module bnn_top (D = \w_data, Q = \weight_mem[309]).
Adding EN signal on $memory\weight_mem[310]$1443 ($dff) from module bnn_top (D = \w_data, Q = \weight_mem[310]).
Adding EN signal on $memory\weight_mem[311]$1445 ($dff) from module bnn_top (D = \w_data, Q = \weight_mem[311]).
Adding EN signal on $memory\weight_mem[312]$1447 ($dff) from module bnn_top (D = \w_data, Q = \weight_mem[312]).
Adding EN signal on $memory\weight_mem[313]$1449 ($dff) from module bnn_top (D = \w_data, Q = \weight_mem[313]).
Adding EN signal on $memory\weight_mem[314]$1451 ($dff) from module bnn_top (D = \w_data, Q = \weight_mem[314]).
Adding EN signal on $memory\weight_mem[315]$1453 ($dff) from module bnn_top (D = \w_data, Q = \weight_mem[315]).
Adding EN signal on $memory\weight_mem[316]$1455 ($dff) from module bnn_top (D = \w_data, Q = \weight_mem[316]).
Adding EN signal on $memory\weight_mem[317]$1457 ($dff) from module bnn_top (D = \w_data, Q = \weight_mem[317]).
Adding EN signal on $memory\weight_mem[318]$1459 ($dff) from module bnn_top (D = \w_data, Q = \weight_mem[318]).
Adding EN signal on $memory\weight_mem[319]$1461 ($dff) from module bnn_top (D = \w_data, Q = \weight_mem[319]).
Adding EN signal on $memory\weight_mem[320]$1463 ($dff) from module bnn_top (D = \w_data, Q = \weight_mem[320]).
Adding EN signal on $memory\weight_mem[321]$1465 ($dff) from module bnn_top (D = \w_data, Q = \weight_mem[321]).
Adding EN signal on $memory\weight_mem[322]$1467 ($dff) from module bnn_top (D = \w_data, Q = \weight_mem[322]).
Adding EN signal on $memory\weight_mem[323]$1469 ($dff) from module bnn_top (D = \w_data, Q = \weight_mem[323]).
Adding EN signal on $memory\weight_mem[324]$1471 ($dff) from module bnn_top (D = \w_data, Q = \weight_mem[324]).
Adding EN signal on $memory\weight_mem[325]$1473 ($dff) from module bnn_top (D = \w_data, Q = \weight_mem[325]).
Adding EN signal on $memory\weight_mem[326]$1475 ($dff) from module bnn_top (D = \w_data, Q = \weight_mem[326]).
Adding EN signal on $memory\weight_mem[327]$1477 ($dff) from module bnn_top (D = \w_data, Q = \weight_mem[327]).
Adding EN signal on $memory\weight_mem[328]$1479 ($dff) from module bnn_top (D = \w_data, Q = \weight_mem[328]).
Adding EN signal on $memory\weight_mem[329]$1481 ($dff) from module bnn_top (D = \w_data, Q = \weight_mem[329]).
Adding EN signal on $memory\weight_mem[330]$1483 ($dff) from module bnn_top (D = \w_data, Q = \weight_mem[330]).
Adding EN signal on $memory\weight_mem[331]$1485 ($dff) from module bnn_top (D = \w_data, Q = \weight_mem[331]).
Adding EN signal on $memory\weight_mem[332]$1487 ($dff) from module bnn_top (D = \w_data, Q = \weight_mem[332]).
Adding EN signal on $memory\weight_mem[333]$1489 ($dff) from module bnn_top (D = \w_data, Q = \weight_mem[333]).
Adding EN signal on $memory\weight_mem[334]$1491 ($dff) from module bnn_top (D = \w_data, Q = \weight_mem[334]).
Adding EN signal on $memory\weight_mem[335]$1493 ($dff) from module bnn_top (D = \w_data, Q = \weight_mem[335]).
Adding EN signal on $memory\weight_mem[336]$1495 ($dff) from module bnn_top (D = \w_data, Q = \weight_mem[336]).
Adding EN signal on $memory\weight_mem[337]$1497 ($dff) from module bnn_top (D = \w_data, Q = \weight_mem[337]).
Adding EN signal on $memory\weight_mem[338]$1499 ($dff) from module bnn_top (D = \w_data, Q = \weight_mem[338]).
Adding EN signal on $memory\weight_mem[339]$1501 ($dff) from module bnn_top (D = \w_data, Q = \weight_mem[339]).
Adding EN signal on $memory\weight_mem[340]$1503 ($dff) from module bnn_top (D = \w_data, Q = \weight_mem[340]).
Adding EN signal on $memory\weight_mem[341]$1505 ($dff) from module bnn_top (D = \w_data, Q = \weight_mem[341]).
Adding EN signal on $memory\weight_mem[342]$1507 ($dff) from module bnn_top (D = \w_data, Q = \weight_mem[342]).
Adding EN signal on $memory\weight_mem[343]$1509 ($dff) from module bnn_top (D = \w_data, Q = \weight_mem[343]).
Adding EN signal on $memory\weight_mem[344]$1511 ($dff) from module bnn_top (D = \w_data, Q = \weight_mem[344]).
Adding EN signal on $memory\weight_mem[345]$1513 ($dff) from module bnn_top (D = \w_data, Q = \weight_mem[345]).
Adding EN signal on $memory\weight_mem[346]$1515 ($dff) from module bnn_top (D = \w_data, Q = \weight_mem[346]).
Adding EN signal on $memory\weight_mem[347]$1517 ($dff) from module bnn_top (D = \w_data, Q = \weight_mem[347]).
Adding EN signal on $memory\weight_mem[348]$1519 ($dff) from module bnn_top (D = \w_data, Q = \weight_mem[348]).
Adding EN signal on $memory\weight_mem[349]$1521 ($dff) from module bnn_top (D = \w_data, Q = \weight_mem[349]).
Adding EN signal on $memory\weight_mem[350]$1523 ($dff) from module bnn_top (D = \w_data, Q = \weight_mem[350]).
Adding EN signal on $memory\weight_mem[351]$1525 ($dff) from module bnn_top (D = \w_data, Q = \weight_mem[351]).
Adding EN signal on $memory\weight_mem[352]$1527 ($dff) from module bnn_top (D = \w_data, Q = \weight_mem[352]).
Adding EN signal on $memory\weight_mem[353]$1529 ($dff) from module bnn_top (D = \w_data, Q = \weight_mem[353]).
Adding EN signal on $memory\weight_mem[354]$1531 ($dff) from module bnn_top (D = \w_data, Q = \weight_mem[354]).
Adding EN signal on $memory\weight_mem[355]$1533 ($dff) from module bnn_top (D = \w_data, Q = \weight_mem[355]).
Adding EN signal on $memory\weight_mem[356]$1535 ($dff) from module bnn_top (D = \w_data, Q = \weight_mem[356]).
Adding EN signal on $memory\weight_mem[357]$1537 ($dff) from module bnn_top (D = \w_data, Q = \weight_mem[357]).
Adding EN signal on $memory\weight_mem[358]$1539 ($dff) from module bnn_top (D = \w_data, Q = \weight_mem[358]).
Adding EN signal on $memory\weight_mem[359]$1541 ($dff) from module bnn_top (D = \w_data, Q = \weight_mem[359]).
Adding EN signal on $memory\weight_mem[360]$1543 ($dff) from module bnn_top (D = \w_data, Q = \weight_mem[360]).
Adding EN signal on $memory\weight_mem[361]$1545 ($dff) from module bnn_top (D = \w_data, Q = \weight_mem[361]).
Adding EN signal on $memory\weight_mem[362]$1547 ($dff) from module bnn_top (D = \w_data, Q = \weight_mem[362]).
Adding EN signal on $memory\weight_mem[363]$1549 ($dff) from module bnn_top (D = \w_data, Q = \weight_mem[363]).
Adding EN signal on $memory\weight_mem[364]$1551 ($dff) from module bnn_top (D = \w_data, Q = \weight_mem[364]).
Adding EN signal on $memory\weight_mem[365]$1553 ($dff) from module bnn_top (D = \w_data, Q = \weight_mem[365]).
Adding EN signal on $memory\weight_mem[366]$1555 ($dff) from module bnn_top (D = \w_data, Q = \weight_mem[366]).
Adding EN signal on $memory\weight_mem[367]$1557 ($dff) from module bnn_top (D = \w_data, Q = \weight_mem[367]).
Adding EN signal on $memory\weight_mem[368]$1559 ($dff) from module bnn_top (D = \w_data, Q = \weight_mem[368]).
Adding EN signal on $memory\weight_mem[369]$1561 ($dff) from module bnn_top (D = \w_data, Q = \weight_mem[369]).
Adding EN signal on $memory\weight_mem[370]$1563 ($dff) from module bnn_top (D = \w_data, Q = \weight_mem[370]).
Adding EN signal on $memory\weight_mem[371]$1565 ($dff) from module bnn_top (D = \w_data, Q = \weight_mem[371]).
Adding EN signal on $memory\weight_mem[372]$1567 ($dff) from module bnn_top (D = \w_data, Q = \weight_mem[372]).
Adding EN signal on $memory\weight_mem[373]$1569 ($dff) from module bnn_top (D = \w_data, Q = \weight_mem[373]).
Adding EN signal on $memory\weight_mem[374]$1571 ($dff) from module bnn_top (D = \w_data, Q = \weight_mem[374]).
Adding EN signal on $memory\weight_mem[375]$1573 ($dff) from module bnn_top (D = \w_data, Q = \weight_mem[375]).
Adding EN signal on $memory\weight_mem[376]$1575 ($dff) from module bnn_top (D = \w_data, Q = \weight_mem[376]).
Adding EN signal on $memory\weight_mem[377]$1577 ($dff) from module bnn_top (D = \w_data, Q = \weight_mem[377]).
Adding EN signal on $memory\weight_mem[378]$1579 ($dff) from module bnn_top (D = \w_data, Q = \weight_mem[378]).
Adding EN signal on $memory\weight_mem[379]$1581 ($dff) from module bnn_top (D = \w_data, Q = \weight_mem[379]).
Adding EN signal on $memory\weight_mem[380]$1583 ($dff) from module bnn_top (D = \w_data, Q = \weight_mem[380]).
Adding EN signal on $memory\weight_mem[381]$1585 ($dff) from module bnn_top (D = \w_data, Q = \weight_mem[381]).
Adding EN signal on $memory\weight_mem[382]$1587 ($dff) from module bnn_top (D = \w_data, Q = \weight_mem[382]).
Adding EN signal on $memory\weight_mem[383]$1589 ($dff) from module bnn_top (D = \w_data, Q = \weight_mem[383]).
Adding EN signal on $memory\weight_mem[384]$1591 ($dff) from module bnn_top (D = \w_data, Q = \weight_mem[384]).
Adding EN signal on $memory\weight_mem[385]$1593 ($dff) from module bnn_top (D = \w_data, Q = \weight_mem[385]).
Adding EN signal on $memory\weight_mem[386]$1595 ($dff) from module bnn_top (D = \w_data, Q = \weight_mem[386]).
Adding EN signal on $memory\weight_mem[387]$1597 ($dff) from module bnn_top (D = \w_data, Q = \weight_mem[387]).
Adding EN signal on $memory\weight_mem[388]$1599 ($dff) from module bnn_top (D = \w_data, Q = \weight_mem[388]).
Adding EN signal on $memory\weight_mem[389]$1601 ($dff) from module bnn_top (D = \w_data, Q = \weight_mem[389]).
Adding EN signal on $memory\weight_mem[390]$1603 ($dff) from module bnn_top (D = \w_data, Q = \weight_mem[390]).
Adding EN signal on $memory\weight_mem[391]$1605 ($dff) from module bnn_top (D = \w_data, Q = \weight_mem[391]).
Adding EN signal on $memory\weight_mem[392]$1607 ($dff) from module bnn_top (D = \w_data, Q = \weight_mem[392]).
Adding EN signal on $memory\weight_mem[393]$1609 ($dff) from module bnn_top (D = \w_data, Q = \weight_mem[393]).
Adding EN signal on $memory\weight_mem[394]$1611 ($dff) from module bnn_top (D = \w_data, Q = \weight_mem[394]).
Adding EN signal on $memory\weight_mem[395]$1613 ($dff) from module bnn_top (D = \w_data, Q = \weight_mem[395]).
Adding EN signal on $memory\weight_mem[396]$1615 ($dff) from module bnn_top (D = \w_data, Q = \weight_mem[396]).
Adding EN signal on $memory\weight_mem[397]$1617 ($dff) from module bnn_top (D = \w_data, Q = \weight_mem[397]).
Adding EN signal on $memory\weight_mem[398]$1619 ($dff) from module bnn_top (D = \w_data, Q = \weight_mem[398]).
Adding EN signal on $memory\weight_mem[399]$1621 ($dff) from module bnn_top (D = \w_data, Q = \weight_mem[399]).
Adding EN signal on $memory\weight_mem[400]$1623 ($dff) from module bnn_top (D = \w_data, Q = \weight_mem[400]).
Adding EN signal on $memory\weight_mem[401]$1625 ($dff) from module bnn_top (D = \w_data, Q = \weight_mem[401]).
Adding EN signal on $memory\weight_mem[402]$1627 ($dff) from module bnn_top (D = \w_data, Q = \weight_mem[402]).
Adding EN signal on $memory\weight_mem[403]$1629 ($dff) from module bnn_top (D = \w_data, Q = \weight_mem[403]).
Adding EN signal on $memory\weight_mem[404]$1631 ($dff) from module bnn_top (D = \w_data, Q = \weight_mem[404]).
Adding EN signal on $memory\weight_mem[405]$1633 ($dff) from module bnn_top (D = \w_data, Q = \weight_mem[405]).
Adding EN signal on $memory\weight_mem[406]$1635 ($dff) from module bnn_top (D = \w_data, Q = \weight_mem[406]).
Adding EN signal on $memory\weight_mem[407]$1637 ($dff) from module bnn_top (D = \w_data, Q = \weight_mem[407]).
Adding EN signal on $memory\weight_mem[408]$1639 ($dff) from module bnn_top (D = \w_data, Q = \weight_mem[408]).
Adding EN signal on $memory\weight_mem[409]$1641 ($dff) from module bnn_top (D = \w_data, Q = \weight_mem[409]).
Adding EN signal on $memory\weight_mem[410]$1643 ($dff) from module bnn_top (D = \w_data, Q = \weight_mem[410]).
Adding EN signal on $memory\weight_mem[411]$1645 ($dff) from module bnn_top (D = \w_data, Q = \weight_mem[411]).
Adding EN signal on $memory\weight_mem[412]$1647 ($dff) from module bnn_top (D = \w_data, Q = \weight_mem[412]).
Adding EN signal on $memory\weight_mem[413]$1649 ($dff) from module bnn_top (D = \w_data, Q = \weight_mem[413]).
Adding EN signal on $memory\weight_mem[414]$1651 ($dff) from module bnn_top (D = \w_data, Q = \weight_mem[414]).
Adding EN signal on $memory\weight_mem[415]$1653 ($dff) from module bnn_top (D = \w_data, Q = \weight_mem[415]).
Adding EN signal on $memory\weight_mem[416]$1655 ($dff) from module bnn_top (D = \w_data, Q = \weight_mem[416]).
Adding EN signal on $memory\weight_mem[417]$1657 ($dff) from module bnn_top (D = \w_data, Q = \weight_mem[417]).
Adding EN signal on $memory\weight_mem[418]$1659 ($dff) from module bnn_top (D = \w_data, Q = \weight_mem[418]).
Adding EN signal on $memory\weight_mem[419]$1661 ($dff) from module bnn_top (D = \w_data, Q = \weight_mem[419]).
Adding EN signal on $memory\weight_mem[420]$1663 ($dff) from module bnn_top (D = \w_data, Q = \weight_mem[420]).
Adding EN signal on $memory\weight_mem[421]$1665 ($dff) from module bnn_top (D = \w_data, Q = \weight_mem[421]).
Adding EN signal on $memory\weight_mem[422]$1667 ($dff) from module bnn_top (D = \w_data, Q = \weight_mem[422]).
Adding EN signal on $memory\weight_mem[423]$1669 ($dff) from module bnn_top (D = \w_data, Q = \weight_mem[423]).
Adding EN signal on $memory\weight_mem[424]$1671 ($dff) from module bnn_top (D = \w_data, Q = \weight_mem[424]).
Adding EN signal on $memory\weight_mem[425]$1673 ($dff) from module bnn_top (D = \w_data, Q = \weight_mem[425]).
Adding EN signal on $memory\weight_mem[426]$1675 ($dff) from module bnn_top (D = \w_data, Q = \weight_mem[426]).
Adding EN signal on $memory\weight_mem[427]$1677 ($dff) from module bnn_top (D = \w_data, Q = \weight_mem[427]).
Adding EN signal on $memory\weight_mem[428]$1679 ($dff) from module bnn_top (D = \w_data, Q = \weight_mem[428]).
Adding EN signal on $memory\weight_mem[429]$1681 ($dff) from module bnn_top (D = \w_data, Q = \weight_mem[429]).
Adding EN signal on $memory\weight_mem[430]$1683 ($dff) from module bnn_top (D = \w_data, Q = \weight_mem[430]).
Adding EN signal on $memory\weight_mem[431]$1685 ($dff) from module bnn_top (D = \w_data, Q = \weight_mem[431]).
Adding EN signal on $memory\weight_mem[432]$1687 ($dff) from module bnn_top (D = \w_data, Q = \weight_mem[432]).
Adding EN signal on $memory\weight_mem[433]$1689 ($dff) from module bnn_top (D = \w_data, Q = \weight_mem[433]).
Adding EN signal on $memory\weight_mem[434]$1691 ($dff) from module bnn_top (D = \w_data, Q = \weight_mem[434]).
Adding EN signal on $memory\weight_mem[435]$1693 ($dff) from module bnn_top (D = \w_data, Q = \weight_mem[435]).
Adding EN signal on $memory\weight_mem[436]$1695 ($dff) from module bnn_top (D = \w_data, Q = \weight_mem[436]).
Adding EN signal on $memory\weight_mem[437]$1697 ($dff) from module bnn_top (D = \w_data, Q = \weight_mem[437]).
Adding EN signal on $memory\weight_mem[438]$1699 ($dff) from module bnn_top (D = \w_data, Q = \weight_mem[438]).
Adding EN signal on $memory\weight_mem[439]$1701 ($dff) from module bnn_top (D = \w_data, Q = \weight_mem[439]).
Adding EN signal on $memory\weight_mem[440]$1703 ($dff) from module bnn_top (D = \w_data, Q = \weight_mem[440]).
Adding EN signal on $memory\weight_mem[441]$1705 ($dff) from module bnn_top (D = \w_data, Q = \weight_mem[441]).
Adding EN signal on $memory\weight_mem[442]$1707 ($dff) from module bnn_top (D = \w_data, Q = \weight_mem[442]).
Adding EN signal on $memory\weight_mem[443]$1709 ($dff) from module bnn_top (D = \w_data, Q = \weight_mem[443]).
Adding EN signal on $memory\weight_mem[444]$1711 ($dff) from module bnn_top (D = \w_data, Q = \weight_mem[444]).
Adding EN signal on $memory\weight_mem[445]$1713 ($dff) from module bnn_top (D = \w_data, Q = \weight_mem[445]).
Adding EN signal on $memory\weight_mem[446]$1715 ($dff) from module bnn_top (D = \w_data, Q = \weight_mem[446]).
Adding EN signal on $memory\weight_mem[447]$1717 ($dff) from module bnn_top (D = \w_data, Q = \weight_mem[447]).
Adding EN signal on $memory\weight_mem[448]$1719 ($dff) from module bnn_top (D = \w_data, Q = \weight_mem[448]).
Adding EN signal on $memory\weight_mem[449]$1721 ($dff) from module bnn_top (D = \w_data, Q = \weight_mem[449]).
Adding EN signal on $memory\weight_mem[450]$1723 ($dff) from module bnn_top (D = \w_data, Q = \weight_mem[450]).
Adding EN signal on $memory\weight_mem[451]$1725 ($dff) from module bnn_top (D = \w_data, Q = \weight_mem[451]).
Adding EN signal on $memory\weight_mem[452]$1727 ($dff) from module bnn_top (D = \w_data, Q = \weight_mem[452]).
Adding EN signal on $memory\weight_mem[453]$1729 ($dff) from module bnn_top (D = \w_data, Q = \weight_mem[453]).
Adding EN signal on $memory\weight_mem[454]$1731 ($dff) from module bnn_top (D = \w_data, Q = \weight_mem[454]).
Adding EN signal on $memory\weight_mem[455]$1733 ($dff) from module bnn_top (D = \w_data, Q = \weight_mem[455]).
Adding EN signal on $memory\weight_mem[456]$1735 ($dff) from module bnn_top (D = \w_data, Q = \weight_mem[456]).
Adding EN signal on $memory\weight_mem[457]$1737 ($dff) from module bnn_top (D = \w_data, Q = \weight_mem[457]).
Adding EN signal on $memory\weight_mem[458]$1739 ($dff) from module bnn_top (D = \w_data, Q = \weight_mem[458]).
Adding EN signal on $memory\weight_mem[459]$1741 ($dff) from module bnn_top (D = \w_data, Q = \weight_mem[459]).
Adding EN signal on $memory\weight_mem[460]$1743 ($dff) from module bnn_top (D = \w_data, Q = \weight_mem[460]).
Adding EN signal on $memory\weight_mem[461]$1745 ($dff) from module bnn_top (D = \w_data, Q = \weight_mem[461]).
Adding EN signal on $memory\weight_mem[462]$1747 ($dff) from module bnn_top (D = \w_data, Q = \weight_mem[462]).
Adding EN signal on $memory\weight_mem[463]$1749 ($dff) from module bnn_top (D = \w_data, Q = \weight_mem[463]).
Adding EN signal on $memory\weight_mem[464]$1751 ($dff) from module bnn_top (D = \w_data, Q = \weight_mem[464]).
Adding EN signal on $memory\weight_mem[465]$1753 ($dff) from module bnn_top (D = \w_data, Q = \weight_mem[465]).
Adding EN signal on $memory\weight_mem[466]$1755 ($dff) from module bnn_top (D = \w_data, Q = \weight_mem[466]).
Adding EN signal on $memory\weight_mem[467]$1757 ($dff) from module bnn_top (D = \w_data, Q = \weight_mem[467]).
Adding EN signal on $memory\weight_mem[468]$1759 ($dff) from module bnn_top (D = \w_data, Q = \weight_mem[468]).
Adding EN signal on $memory\weight_mem[469]$1761 ($dff) from module bnn_top (D = \w_data, Q = \weight_mem[469]).
Adding EN signal on $memory\weight_mem[470]$1763 ($dff) from module bnn_top (D = \w_data, Q = \weight_mem[470]).
Adding EN signal on $memory\weight_mem[471]$1765 ($dff) from module bnn_top (D = \w_data, Q = \weight_mem[471]).
Adding EN signal on $memory\weight_mem[472]$1767 ($dff) from module bnn_top (D = \w_data, Q = \weight_mem[472]).
Adding EN signal on $memory\weight_mem[473]$1769 ($dff) from module bnn_top (D = \w_data, Q = \weight_mem[473]).
Adding EN signal on $memory\weight_mem[474]$1771 ($dff) from module bnn_top (D = \w_data, Q = \weight_mem[474]).
Adding EN signal on $memory\weight_mem[475]$1773 ($dff) from module bnn_top (D = \w_data, Q = \weight_mem[475]).
Adding EN signal on $memory\weight_mem[476]$1775 ($dff) from module bnn_top (D = \w_data, Q = \weight_mem[476]).
Adding EN signal on $memory\weight_mem[477]$1777 ($dff) from module bnn_top (D = \w_data, Q = \weight_mem[477]).
Adding EN signal on $memory\weight_mem[478]$1779 ($dff) from module bnn_top (D = \w_data, Q = \weight_mem[478]).
Adding EN signal on $memory\weight_mem[479]$1781 ($dff) from module bnn_top (D = \w_data, Q = \weight_mem[479]).
Adding EN signal on $memory\weight_mem[480]$1783 ($dff) from module bnn_top (D = \w_data, Q = \weight_mem[480]).
Adding EN signal on $memory\weight_mem[481]$1785 ($dff) from module bnn_top (D = \w_data, Q = \weight_mem[481]).
Adding EN signal on $memory\weight_mem[482]$1787 ($dff) from module bnn_top (D = \w_data, Q = \weight_mem[482]).
Adding EN signal on $memory\weight_mem[483]$1789 ($dff) from module bnn_top (D = \w_data, Q = \weight_mem[483]).
Adding EN signal on $memory\weight_mem[484]$1791 ($dff) from module bnn_top (D = \w_data, Q = \weight_mem[484]).
Adding EN signal on $memory\weight_mem[485]$1793 ($dff) from module bnn_top (D = \w_data, Q = \weight_mem[485]).
Adding EN signal on $memory\weight_mem[486]$1795 ($dff) from module bnn_top (D = \w_data, Q = \weight_mem[486]).
Adding EN signal on $memory\weight_mem[487]$1797 ($dff) from module bnn_top (D = \w_data, Q = \weight_mem[487]).
Adding EN signal on $memory\weight_mem[488]$1799 ($dff) from module bnn_top (D = \w_data, Q = \weight_mem[488]).
Adding EN signal on $memory\weight_mem[489]$1801 ($dff) from module bnn_top (D = \w_data, Q = \weight_mem[489]).
Adding EN signal on $memory\weight_mem[490]$1803 ($dff) from module bnn_top (D = \w_data, Q = \weight_mem[490]).
Adding EN signal on $memory\weight_mem[491]$1805 ($dff) from module bnn_top (D = \w_data, Q = \weight_mem[491]).
Adding EN signal on $memory\weight_mem[492]$1807 ($dff) from module bnn_top (D = \w_data, Q = \weight_mem[492]).
Adding EN signal on $memory\weight_mem[493]$1809 ($dff) from module bnn_top (D = \w_data, Q = \weight_mem[493]).
Adding EN signal on $memory\weight_mem[494]$1811 ($dff) from module bnn_top (D = \w_data, Q = \weight_mem[494]).
Adding EN signal on $memory\weight_mem[495]$1813 ($dff) from module bnn_top (D = \w_data, Q = \weight_mem[495]).
Adding EN signal on $memory\weight_mem[496]$1815 ($dff) from module bnn_top (D = \w_data, Q = \weight_mem[496]).
Adding EN signal on $memory\weight_mem[497]$1817 ($dff) from module bnn_top (D = \w_data, Q = \weight_mem[497]).
Adding EN signal on $memory\weight_mem[498]$1819 ($dff) from module bnn_top (D = \w_data, Q = \weight_mem[498]).
Adding EN signal on $memory\weight_mem[499]$1821 ($dff) from module bnn_top (D = \w_data, Q = \weight_mem[499]).
Adding EN signal on $memory\weight_mem[500]$1823 ($dff) from module bnn_top (D = \w_data, Q = \weight_mem[500]).
Adding EN signal on $memory\weight_mem[501]$1825 ($dff) from module bnn_top (D = \w_data, Q = \weight_mem[501]).
Adding EN signal on $memory\weight_mem[502]$1827 ($dff) from module bnn_top (D = \w_data, Q = \weight_mem[502]).
Adding EN signal on $memory\weight_mem[503]$1829 ($dff) from module bnn_top (D = \w_data, Q = \weight_mem[503]).
Adding EN signal on $memory\weight_mem[504]$1831 ($dff) from module bnn_top (D = \w_data, Q = \weight_mem[504]).
Adding EN signal on $memory\weight_mem[505]$1833 ($dff) from module bnn_top (D = \w_data, Q = \weight_mem[505]).
Adding EN signal on $memory\weight_mem[506]$1835 ($dff) from module bnn_top (D = \w_data, Q = \weight_mem[506]).
Adding EN signal on $memory\weight_mem[507]$1837 ($dff) from module bnn_top (D = \w_data, Q = \weight_mem[507]).
Adding EN signal on $memory\weight_mem[508]$1839 ($dff) from module bnn_top (D = \w_data, Q = \weight_mem[508]).
Adding EN signal on $memory\weight_mem[509]$1841 ($dff) from module bnn_top (D = \w_data, Q = \weight_mem[509]).
Adding EN signal on $memory\weight_mem[510]$1843 ($dff) from module bnn_top (D = \w_data, Q = \weight_mem[510]).
Adding EN signal on $memory\weight_mem[511]$1845 ($dff) from module bnn_top (D = \w_data, Q = \weight_mem[511]).
Adding EN signal on $memory\weight_mem[512]$1847 ($dff) from module bnn_top (D = \w_data, Q = \weight_mem[512]).
Adding EN signal on $memory\weight_mem[513]$1849 ($dff) from module bnn_top (D = \w_data, Q = \weight_mem[513]).
Adding EN signal on $memory\weight_mem[514]$1851 ($dff) from module bnn_top (D = \w_data, Q = \weight_mem[514]).
Adding EN signal on $memory\weight_mem[515]$1853 ($dff) from module bnn_top (D = \w_data, Q = \weight_mem[515]).
Adding EN signal on $memory\weight_mem[516]$1855 ($dff) from module bnn_top (D = \w_data, Q = \weight_mem[516]).
Adding EN signal on $memory\weight_mem[517]$1857 ($dff) from module bnn_top (D = \w_data, Q = \weight_mem[517]).
Adding EN signal on $memory\weight_mem[518]$1859 ($dff) from module bnn_top (D = \w_data, Q = \weight_mem[518]).
Adding EN signal on $memory\weight_mem[519]$1861 ($dff) from module bnn_top (D = \w_data, Q = \weight_mem[519]).
Adding EN signal on $memory\weight_mem[520]$1863 ($dff) from module bnn_top (D = \w_data, Q = \weight_mem[520]).
Adding EN signal on $memory\weight_mem[521]$1865 ($dff) from module bnn_top (D = \w_data, Q = \weight_mem[521]).
Adding EN signal on $memory\weight_mem[522]$1867 ($dff) from module bnn_top (D = \w_data, Q = \weight_mem[522]).
Adding EN signal on $memory\weight_mem[523]$1869 ($dff) from module bnn_top (D = \w_data, Q = \weight_mem[523]).
Adding EN signal on $memory\weight_mem[524]$1871 ($dff) from module bnn_top (D = \w_data, Q = \weight_mem[524]).
Adding EN signal on $memory\weight_mem[525]$1873 ($dff) from module bnn_top (D = \w_data, Q = \weight_mem[525]).
Adding EN signal on $memory\weight_mem[526]$1875 ($dff) from module bnn_top (D = \w_data, Q = \weight_mem[526]).
Adding EN signal on $memory\weight_mem[527]$1877 ($dff) from module bnn_top (D = \w_data, Q = \weight_mem[527]).
Adding EN signal on $memory\weight_mem[528]$1879 ($dff) from module bnn_top (D = \w_data, Q = \weight_mem[528]).
Adding EN signal on $memory\weight_mem[529]$1881 ($dff) from module bnn_top (D = \w_data, Q = \weight_mem[529]).
Adding EN signal on $memory\weight_mem[530]$1883 ($dff) from module bnn_top (D = \w_data, Q = \weight_mem[530]).
Adding EN signal on $memory\weight_mem[531]$1885 ($dff) from module bnn_top (D = \w_data, Q = \weight_mem[531]).
Adding EN signal on $memory\weight_mem[532]$1887 ($dff) from module bnn_top (D = \w_data, Q = \weight_mem[532]).
Adding EN signal on $memory\weight_mem[533]$1889 ($dff) from module bnn_top (D = \w_data, Q = \weight_mem[533]).
Adding EN signal on $memory\weight_mem[534]$1891 ($dff) from module bnn_top (D = \w_data, Q = \weight_mem[534]).
Adding EN signal on $memory\weight_mem[535]$1893 ($dff) from module bnn_top (D = \w_data, Q = \weight_mem[535]).
Adding EN signal on $memory\weight_mem[536]$1895 ($dff) from module bnn_top (D = \w_data, Q = \weight_mem[536]).
Adding EN signal on $memory\weight_mem[537]$1897 ($dff) from module bnn_top (D = \w_data, Q = \weight_mem[537]).
Adding EN signal on $memory\weight_mem[538]$1899 ($dff) from module bnn_top (D = \w_data, Q = \weight_mem[538]).
Adding EN signal on $memory\weight_mem[539]$1901 ($dff) from module bnn_top (D = \w_data, Q = \weight_mem[539]).
Adding EN signal on $memory\weight_mem[540]$1903 ($dff) from module bnn_top (D = \w_data, Q = \weight_mem[540]).
Adding EN signal on $memory\weight_mem[541]$1905 ($dff) from module bnn_top (D = \w_data, Q = \weight_mem[541]).
Adding EN signal on $memory\weight_mem[542]$1907 ($dff) from module bnn_top (D = \w_data, Q = \weight_mem[542]).
Adding EN signal on $memory\weight_mem[543]$1909 ($dff) from module bnn_top (D = \w_data, Q = \weight_mem[543]).
Adding EN signal on $memory\weight_mem[544]$1911 ($dff) from module bnn_top (D = \w_data, Q = \weight_mem[544]).
Adding EN signal on $memory\weight_mem[545]$1913 ($dff) from module bnn_top (D = \w_data, Q = \weight_mem[545]).
Adding EN signal on $memory\weight_mem[546]$1915 ($dff) from module bnn_top (D = \w_data, Q = \weight_mem[546]).
Adding EN signal on $memory\weight_mem[547]$1917 ($dff) from module bnn_top (D = \w_data, Q = \weight_mem[547]).
Adding EN signal on $memory\weight_mem[548]$1919 ($dff) from module bnn_top (D = \w_data, Q = \weight_mem[548]).
Adding EN signal on $memory\weight_mem[549]$1921 ($dff) from module bnn_top (D = \w_data, Q = \weight_mem[549]).
Adding EN signal on $memory\weight_mem[550]$1923 ($dff) from module bnn_top (D = \w_data, Q = \weight_mem[550]).
Adding EN signal on $memory\weight_mem[551]$1925 ($dff) from module bnn_top (D = \w_data, Q = \weight_mem[551]).
Adding EN signal on $memory\weight_mem[552]$1927 ($dff) from module bnn_top (D = \w_data, Q = \weight_mem[552]).
Adding EN signal on $memory\weight_mem[553]$1929 ($dff) from module bnn_top (D = \w_data, Q = \weight_mem[553]).
Adding EN signal on $memory\weight_mem[554]$1931 ($dff) from module bnn_top (D = \w_data, Q = \weight_mem[554]).
Adding EN signal on $memory\weight_mem[555]$1933 ($dff) from module bnn_top (D = \w_data, Q = \weight_mem[555]).
Adding EN signal on $memory\weight_mem[556]$1935 ($dff) from module bnn_top (D = \w_data, Q = \weight_mem[556]).
Adding EN signal on $memory\weight_mem[557]$1937 ($dff) from module bnn_top (D = \w_data, Q = \weight_mem[557]).
Adding EN signal on $memory\weight_mem[558]$1939 ($dff) from module bnn_top (D = \w_data, Q = \weight_mem[558]).
Adding EN signal on $memory\weight_mem[559]$1941 ($dff) from module bnn_top (D = \w_data, Q = \weight_mem[559]).
Adding EN signal on $memory\weight_mem[560]$1943 ($dff) from module bnn_top (D = \w_data, Q = \weight_mem[560]).
Adding EN signal on $memory\weight_mem[561]$1945 ($dff) from module bnn_top (D = \w_data, Q = \weight_mem[561]).
Adding EN signal on $memory\weight_mem[562]$1947 ($dff) from module bnn_top (D = \w_data, Q = \weight_mem[562]).
Adding EN signal on $memory\weight_mem[563]$1949 ($dff) from module bnn_top (D = \w_data, Q = \weight_mem[563]).
Adding EN signal on $memory\weight_mem[564]$1951 ($dff) from module bnn_top (D = \w_data, Q = \weight_mem[564]).
Adding EN signal on $memory\weight_mem[565]$1953 ($dff) from module bnn_top (D = \w_data, Q = \weight_mem[565]).
Adding EN signal on $memory\weight_mem[566]$1955 ($dff) from module bnn_top (D = \w_data, Q = \weight_mem[566]).
Adding EN signal on $memory\weight_mem[567]$1957 ($dff) from module bnn_top (D = \w_data, Q = \weight_mem[567]).
Adding EN signal on $memory\weight_mem[568]$1959 ($dff) from module bnn_top (D = \w_data, Q = \weight_mem[568]).
Adding EN signal on $memory\weight_mem[569]$1961 ($dff) from module bnn_top (D = \w_data, Q = \weight_mem[569]).
Adding EN signal on $memory\weight_mem[570]$1963 ($dff) from module bnn_top (D = \w_data, Q = \weight_mem[570]).
Adding EN signal on $memory\weight_mem[571]$1965 ($dff) from module bnn_top (D = \w_data, Q = \weight_mem[571]).
Adding EN signal on $memory\weight_mem[572]$1967 ($dff) from module bnn_top (D = \w_data, Q = \weight_mem[572]).
Adding EN signal on $memory\weight_mem[573]$1969 ($dff) from module bnn_top (D = \w_data, Q = \weight_mem[573]).
Adding EN signal on $memory\weight_mem[574]$1971 ($dff) from module bnn_top (D = \w_data, Q = \weight_mem[574]).
Adding EN signal on $memory\weight_mem[575]$1973 ($dff) from module bnn_top (D = \w_data, Q = \weight_mem[575]).
Adding EN signal on $memory\weight_mem[576]$1975 ($dff) from module bnn_top (D = \w_data, Q = \weight_mem[576]).
Adding EN signal on $memory\weight_mem[577]$1977 ($dff) from module bnn_top (D = \w_data, Q = \weight_mem[577]).
Adding EN signal on $memory\weight_mem[578]$1979 ($dff) from module bnn_top (D = \w_data, Q = \weight_mem[578]).
Adding EN signal on $memory\weight_mem[579]$1981 ($dff) from module bnn_top (D = \w_data, Q = \weight_mem[579]).
Adding EN signal on $memory\weight_mem[580]$1983 ($dff) from module bnn_top (D = \w_data, Q = \weight_mem[580]).
Adding EN signal on $memory\weight_mem[581]$1985 ($dff) from module bnn_top (D = \w_data, Q = \weight_mem[581]).
Adding EN signal on $memory\weight_mem[582]$1987 ($dff) from module bnn_top (D = \w_data, Q = \weight_mem[582]).
Adding EN signal on $memory\weight_mem[583]$1989 ($dff) from module bnn_top (D = \w_data, Q = \weight_mem[583]).
Adding EN signal on $memory\weight_mem[584]$1991 ($dff) from module bnn_top (D = \w_data, Q = \weight_mem[584]).
Adding EN signal on $memory\weight_mem[585]$1993 ($dff) from module bnn_top (D = \w_data, Q = \weight_mem[585]).
Adding EN signal on $memory\weight_mem[586]$1995 ($dff) from module bnn_top (D = \w_data, Q = \weight_mem[586]).
Adding EN signal on $memory\weight_mem[587]$1997 ($dff) from module bnn_top (D = \w_data, Q = \weight_mem[587]).
Adding EN signal on $memory\weight_mem[588]$1999 ($dff) from module bnn_top (D = \w_data, Q = \weight_mem[588]).
Adding EN signal on $memory\weight_mem[589]$2001 ($dff) from module bnn_top (D = \w_data, Q = \weight_mem[589]).
Adding EN signal on $memory\weight_mem[590]$2003 ($dff) from module bnn_top (D = \w_data, Q = \weight_mem[590]).
Adding EN signal on $memory\weight_mem[591]$2005 ($dff) from module bnn_top (D = \w_data, Q = \weight_mem[591]).
Adding EN signal on $memory\weight_mem[592]$2007 ($dff) from module bnn_top (D = \w_data, Q = \weight_mem[592]).
Adding EN signal on $memory\weight_mem[593]$2009 ($dff) from module bnn_top (D = \w_data, Q = \weight_mem[593]).
Adding EN signal on $memory\weight_mem[594]$2011 ($dff) from module bnn_top (D = \w_data, Q = \weight_mem[594]).
Adding EN signal on $memory\weight_mem[595]$2013 ($dff) from module bnn_top (D = \w_data, Q = \weight_mem[595]).
Adding EN signal on $memory\weight_mem[596]$2015 ($dff) from module bnn_top (D = \w_data, Q = \weight_mem[596]).
Adding EN signal on $memory\weight_mem[597]$2017 ($dff) from module bnn_top (D = \w_data, Q = \weight_mem[597]).
Adding EN signal on $memory\weight_mem[598]$2019 ($dff) from module bnn_top (D = \w_data, Q = \weight_mem[598]).
Adding EN signal on $memory\weight_mem[599]$2021 ($dff) from module bnn_top (D = \w_data, Q = \weight_mem[599]).
Adding EN signal on $memory\weight_mem[600]$2023 ($dff) from module bnn_top (D = \w_data, Q = \weight_mem[600]).
Adding EN signal on $memory\weight_mem[601]$2025 ($dff) from module bnn_top (D = \w_data, Q = \weight_mem[601]).
Adding EN signal on $memory\weight_mem[602]$2027 ($dff) from module bnn_top (D = \w_data, Q = \weight_mem[602]).
Adding EN signal on $memory\weight_mem[603]$2029 ($dff) from module bnn_top (D = \w_data, Q = \weight_mem[603]).
Adding EN signal on $memory\weight_mem[604]$2031 ($dff) from module bnn_top (D = \w_data, Q = \weight_mem[604]).
Adding EN signal on $memory\weight_mem[605]$2033 ($dff) from module bnn_top (D = \w_data, Q = \weight_mem[605]).
Adding EN signal on $memory\weight_mem[606]$2035 ($dff) from module bnn_top (D = \w_data, Q = \weight_mem[606]).
Adding EN signal on $memory\weight_mem[607]$2037 ($dff) from module bnn_top (D = \w_data, Q = \weight_mem[607]).
Adding EN signal on $memory\weight_mem[608]$2039 ($dff) from module bnn_top (D = \w_data, Q = \weight_mem[608]).
Adding EN signal on $memory\weight_mem[609]$2041 ($dff) from module bnn_top (D = \w_data, Q = \weight_mem[609]).
Adding EN signal on $memory\weight_mem[610]$2043 ($dff) from module bnn_top (D = \w_data, Q = \weight_mem[610]).
Adding EN signal on $memory\weight_mem[611]$2045 ($dff) from module bnn_top (D = \w_data, Q = \weight_mem[611]).
Adding EN signal on $memory\weight_mem[612]$2047 ($dff) from module bnn_top (D = \w_data, Q = \weight_mem[612]).
Adding EN signal on $memory\weight_mem[613]$2049 ($dff) from module bnn_top (D = \w_data, Q = \weight_mem[613]).
Adding EN signal on $memory\weight_mem[614]$2051 ($dff) from module bnn_top (D = \w_data, Q = \weight_mem[614]).
Adding EN signal on $memory\weight_mem[615]$2053 ($dff) from module bnn_top (D = \w_data, Q = \weight_mem[615]).
Adding EN signal on $memory\weight_mem[616]$2055 ($dff) from module bnn_top (D = \w_data, Q = \weight_mem[616]).
Adding EN signal on $memory\weight_mem[617]$2057 ($dff) from module bnn_top (D = \w_data, Q = \weight_mem[617]).
Adding EN signal on $memory\weight_mem[618]$2059 ($dff) from module bnn_top (D = \w_data, Q = \weight_mem[618]).
Adding EN signal on $memory\weight_mem[619]$2061 ($dff) from module bnn_top (D = \w_data, Q = \weight_mem[619]).
Adding EN signal on $memory\weight_mem[620]$2063 ($dff) from module bnn_top (D = \w_data, Q = \weight_mem[620]).
Adding EN signal on $memory\weight_mem[621]$2065 ($dff) from module bnn_top (D = \w_data, Q = \weight_mem[621]).
Adding EN signal on $memory\weight_mem[622]$2067 ($dff) from module bnn_top (D = \w_data, Q = \weight_mem[622]).
Adding EN signal on $memory\weight_mem[623]$2069 ($dff) from module bnn_top (D = \w_data, Q = \weight_mem[623]).
Adding EN signal on $memory\weight_mem[624]$2071 ($dff) from module bnn_top (D = \w_data, Q = \weight_mem[624]).
Adding EN signal on $memory\weight_mem[625]$2073 ($dff) from module bnn_top (D = \w_data, Q = \weight_mem[625]).
Adding EN signal on $memory\weight_mem[626]$2075 ($dff) from module bnn_top (D = \w_data, Q = \weight_mem[626]).
Adding EN signal on $memory\weight_mem[627]$2077 ($dff) from module bnn_top (D = \w_data, Q = \weight_mem[627]).
Adding EN signal on $memory\weight_mem[628]$2079 ($dff) from module bnn_top (D = \w_data, Q = \weight_mem[628]).
Adding EN signal on $memory\weight_mem[629]$2081 ($dff) from module bnn_top (D = \w_data, Q = \weight_mem[629]).
Adding EN signal on $memory\weight_mem[630]$2083 ($dff) from module bnn_top (D = \w_data, Q = \weight_mem[630]).
Adding EN signal on $memory\weight_mem[631]$2085 ($dff) from module bnn_top (D = \w_data, Q = \weight_mem[631]).
Adding EN signal on $memory\weight_mem[632]$2087 ($dff) from module bnn_top (D = \w_data, Q = \weight_mem[632]).
Adding EN signal on $memory\weight_mem[633]$2089 ($dff) from module bnn_top (D = \w_data, Q = \weight_mem[633]).
Adding EN signal on $memory\weight_mem[634]$2091 ($dff) from module bnn_top (D = \w_data, Q = \weight_mem[634]).
Adding EN signal on $memory\weight_mem[635]$2093 ($dff) from module bnn_top (D = \w_data, Q = \weight_mem[635]).
Adding EN signal on $memory\weight_mem[636]$2095 ($dff) from module bnn_top (D = \w_data, Q = \weight_mem[636]).
Adding EN signal on $memory\weight_mem[637]$2097 ($dff) from module bnn_top (D = \w_data, Q = \weight_mem[637]).
Adding EN signal on $memory\weight_mem[638]$2099 ($dff) from module bnn_top (D = \w_data, Q = \weight_mem[638]).
Adding EN signal on $memory\weight_mem[639]$2101 ($dff) from module bnn_top (D = \w_data, Q = \weight_mem[639]).
Adding EN signal on $memory\weight_mem[640]$2103 ($dff) from module bnn_top (D = \w_data, Q = \weight_mem[640]).
Adding EN signal on $memory\weight_mem[641]$2105 ($dff) from module bnn_top (D = \w_data, Q = \weight_mem[641]).
Adding EN signal on $memory\weight_mem[642]$2107 ($dff) from module bnn_top (D = \w_data, Q = \weight_mem[642]).
Adding EN signal on $memory\weight_mem[643]$2109 ($dff) from module bnn_top (D = \w_data, Q = \weight_mem[643]).
Adding EN signal on $memory\weight_mem[644]$2111 ($dff) from module bnn_top (D = \w_data, Q = \weight_mem[644]).
Adding EN signal on $memory\weight_mem[645]$2113 ($dff) from module bnn_top (D = \w_data, Q = \weight_mem[645]).
Adding EN signal on $memory\weight_mem[646]$2115 ($dff) from module bnn_top (D = \w_data, Q = \weight_mem[646]).
Adding EN signal on $memory\weight_mem[647]$2117 ($dff) from module bnn_top (D = \w_data, Q = \weight_mem[647]).
Adding EN signal on $memory\weight_mem[648]$2119 ($dff) from module bnn_top (D = \w_data, Q = \weight_mem[648]).
Adding EN signal on $memory\weight_mem[649]$2121 ($dff) from module bnn_top (D = \w_data, Q = \weight_mem[649]).
Adding EN signal on $memory\weight_mem[650]$2123 ($dff) from module bnn_top (D = \w_data, Q = \weight_mem[650]).
Adding EN signal on $memory\weight_mem[651]$2125 ($dff) from module bnn_top (D = \w_data, Q = \weight_mem[651]).
Adding EN signal on $memory\weight_mem[652]$2127 ($dff) from module bnn_top (D = \w_data, Q = \weight_mem[652]).
Adding EN signal on $memory\weight_mem[653]$2129 ($dff) from module bnn_top (D = \w_data, Q = \weight_mem[653]).
Adding EN signal on $memory\weight_mem[654]$2131 ($dff) from module bnn_top (D = \w_data, Q = \weight_mem[654]).
Adding EN signal on $memory\weight_mem[655]$2133 ($dff) from module bnn_top (D = \w_data, Q = \weight_mem[655]).
Adding EN signal on $memory\weight_mem[656]$2135 ($dff) from module bnn_top (D = \w_data, Q = \weight_mem[656]).
Adding EN signal on $memory\weight_mem[657]$2137 ($dff) from module bnn_top (D = \w_data, Q = \weight_mem[657]).
Adding EN signal on $memory\weight_mem[658]$2139 ($dff) from module bnn_top (D = \w_data, Q = \weight_mem[658]).
Adding EN signal on $memory\weight_mem[659]$2141 ($dff) from module bnn_top (D = \w_data, Q = \weight_mem[659]).
Adding EN signal on $memory\weight_mem[660]$2143 ($dff) from module bnn_top (D = \w_data, Q = \weight_mem[660]).
Adding EN signal on $memory\weight_mem[661]$2145 ($dff) from module bnn_top (D = \w_data, Q = \weight_mem[661]).
Adding EN signal on $memory\weight_mem[662]$2147 ($dff) from module bnn_top (D = \w_data, Q = \weight_mem[662]).
Adding EN signal on $memory\weight_mem[663]$2149 ($dff) from module bnn_top (D = \w_data, Q = \weight_mem[663]).
Adding EN signal on $memory\weight_mem[664]$2151 ($dff) from module bnn_top (D = \w_data, Q = \weight_mem[664]).
Adding EN signal on $memory\weight_mem[665]$2153 ($dff) from module bnn_top (D = \w_data, Q = \weight_mem[665]).
Adding EN signal on $memory\weight_mem[666]$2155 ($dff) from module bnn_top (D = \w_data, Q = \weight_mem[666]).
Adding EN signal on $memory\weight_mem[667]$2157 ($dff) from module bnn_top (D = \w_data, Q = \weight_mem[667]).
Adding EN signal on $memory\weight_mem[668]$2159 ($dff) from module bnn_top (D = \w_data, Q = \weight_mem[668]).
Adding EN signal on $memory\weight_mem[669]$2161 ($dff) from module bnn_top (D = \w_data, Q = \weight_mem[669]).
Adding EN signal on $memory\weight_mem[670]$2163 ($dff) from module bnn_top (D = \w_data, Q = \weight_mem[670]).
Adding EN signal on $memory\weight_mem[671]$2165 ($dff) from module bnn_top (D = \w_data, Q = \weight_mem[671]).
Adding EN signal on $memory\weight_mem[672]$2167 ($dff) from module bnn_top (D = \w_data, Q = \weight_mem[672]).
Adding EN signal on $memory\weight_mem[673]$2169 ($dff) from module bnn_top (D = \w_data, Q = \weight_mem[673]).
Adding EN signal on $memory\weight_mem[674]$2171 ($dff) from module bnn_top (D = \w_data, Q = \weight_mem[674]).
Adding EN signal on $memory\weight_mem[675]$2173 ($dff) from module bnn_top (D = \w_data, Q = \weight_mem[675]).
Adding EN signal on $memory\weight_mem[676]$2175 ($dff) from module bnn_top (D = \w_data, Q = \weight_mem[676]).
Adding EN signal on $memory\weight_mem[677]$2177 ($dff) from module bnn_top (D = \w_data, Q = \weight_mem[677]).
Adding EN signal on $memory\weight_mem[678]$2179 ($dff) from module bnn_top (D = \w_data, Q = \weight_mem[678]).
Adding EN signal on $memory\weight_mem[679]$2181 ($dff) from module bnn_top (D = \w_data, Q = \weight_mem[679]).
Adding EN signal on $memory\weight_mem[680]$2183 ($dff) from module bnn_top (D = \w_data, Q = \weight_mem[680]).
Adding EN signal on $memory\weight_mem[681]$2185 ($dff) from module bnn_top (D = \w_data, Q = \weight_mem[681]).
Adding EN signal on $memory\weight_mem[682]$2187 ($dff) from module bnn_top (D = \w_data, Q = \weight_mem[682]).
Adding EN signal on $memory\weight_mem[683]$2189 ($dff) from module bnn_top (D = \w_data, Q = \weight_mem[683]).
Adding EN signal on $memory\weight_mem[684]$2191 ($dff) from module bnn_top (D = \w_data, Q = \weight_mem[684]).
Adding EN signal on $memory\weight_mem[685]$2193 ($dff) from module bnn_top (D = \w_data, Q = \weight_mem[685]).
Adding EN signal on $memory\weight_mem[686]$2195 ($dff) from module bnn_top (D = \w_data, Q = \weight_mem[686]).
Adding EN signal on $memory\weight_mem[687]$2197 ($dff) from module bnn_top (D = \w_data, Q = \weight_mem[687]).
Adding EN signal on $memory\weight_mem[688]$2199 ($dff) from module bnn_top (D = \w_data, Q = \weight_mem[688]).
Adding EN signal on $memory\weight_mem[689]$2201 ($dff) from module bnn_top (D = \w_data, Q = \weight_mem[689]).
Adding EN signal on $memory\weight_mem[690]$2203 ($dff) from module bnn_top (D = \w_data, Q = \weight_mem[690]).
Adding EN signal on $memory\weight_mem[691]$2205 ($dff) from module bnn_top (D = \w_data, Q = \weight_mem[691]).
Adding EN signal on $memory\weight_mem[692]$2207 ($dff) from module bnn_top (D = \w_data, Q = \weight_mem[692]).
Adding EN signal on $memory\weight_mem[693]$2209 ($dff) from module bnn_top (D = \w_data, Q = \weight_mem[693]).
Adding EN signal on $memory\weight_mem[694]$2211 ($dff) from module bnn_top (D = \w_data, Q = \weight_mem[694]).
Adding EN signal on $memory\weight_mem[695]$2213 ($dff) from module bnn_top (D = \w_data, Q = \weight_mem[695]).
Adding EN signal on $memory\weight_mem[696]$2215 ($dff) from module bnn_top (D = \w_data, Q = \weight_mem[696]).
Adding EN signal on $memory\weight_mem[697]$2217 ($dff) from module bnn_top (D = \w_data, Q = \weight_mem[697]).
Adding EN signal on $memory\weight_mem[698]$2219 ($dff) from module bnn_top (D = \w_data, Q = \weight_mem[698]).
Adding EN signal on $memory\weight_mem[699]$2221 ($dff) from module bnn_top (D = \w_data, Q = \weight_mem[699]).
Adding EN signal on $memory\weight_mem[700]$2223 ($dff) from module bnn_top (D = \w_data, Q = \weight_mem[700]).
Adding EN signal on $memory\weight_mem[701]$2225 ($dff) from module bnn_top (D = \w_data, Q = \weight_mem[701]).
Adding EN signal on $memory\weight_mem[702]$2227 ($dff) from module bnn_top (D = \w_data, Q = \weight_mem[702]).
Adding EN signal on $memory\weight_mem[703]$2229 ($dff) from module bnn_top (D = \w_data, Q = \weight_mem[703]).
Adding EN signal on $memory\weight_mem[704]$2231 ($dff) from module bnn_top (D = \w_data, Q = \weight_mem[704]).
Adding EN signal on $memory\weight_mem[705]$2233 ($dff) from module bnn_top (D = \w_data, Q = \weight_mem[705]).
Adding EN signal on $memory\weight_mem[706]$2235 ($dff) from module bnn_top (D = \w_data, Q = \weight_mem[706]).
Adding EN signal on $memory\weight_mem[707]$2237 ($dff) from module bnn_top (D = \w_data, Q = \weight_mem[707]).
Adding EN signal on $memory\weight_mem[708]$2239 ($dff) from module bnn_top (D = \w_data, Q = \weight_mem[708]).
Adding EN signal on $memory\weight_mem[709]$2241 ($dff) from module bnn_top (D = \w_data, Q = \weight_mem[709]).
Adding EN signal on $memory\weight_mem[710]$2243 ($dff) from module bnn_top (D = \w_data, Q = \weight_mem[710]).
Adding EN signal on $memory\weight_mem[711]$2245 ($dff) from module bnn_top (D = \w_data, Q = \weight_mem[711]).
Adding EN signal on $memory\weight_mem[712]$2247 ($dff) from module bnn_top (D = \w_data, Q = \weight_mem[712]).
Adding EN signal on $memory\weight_mem[713]$2249 ($dff) from module bnn_top (D = \w_data, Q = \weight_mem[713]).
Adding EN signal on $memory\weight_mem[714]$2251 ($dff) from module bnn_top (D = \w_data, Q = \weight_mem[714]).
Adding EN signal on $memory\weight_mem[715]$2253 ($dff) from module bnn_top (D = \w_data, Q = \weight_mem[715]).
Adding EN signal on $memory\weight_mem[716]$2255 ($dff) from module bnn_top (D = \w_data, Q = \weight_mem[716]).
Adding EN signal on $memory\weight_mem[717]$2257 ($dff) from module bnn_top (D = \w_data, Q = \weight_mem[717]).
Adding EN signal on $memory\weight_mem[718]$2259 ($dff) from module bnn_top (D = \w_data, Q = \weight_mem[718]).
Adding EN signal on $memory\weight_mem[719]$2261 ($dff) from module bnn_top (D = \w_data, Q = \weight_mem[719]).
Adding EN signal on $memory\weight_mem[720]$2263 ($dff) from module bnn_top (D = \w_data, Q = \weight_mem[720]).
Adding EN signal on $memory\weight_mem[721]$2265 ($dff) from module bnn_top (D = \w_data, Q = \weight_mem[721]).
Adding EN signal on $memory\weight_mem[722]$2267 ($dff) from module bnn_top (D = \w_data, Q = \weight_mem[722]).
Adding EN signal on $memory\weight_mem[723]$2269 ($dff) from module bnn_top (D = \w_data, Q = \weight_mem[723]).
Adding EN signal on $memory\weight_mem[724]$2271 ($dff) from module bnn_top (D = \w_data, Q = \weight_mem[724]).
Adding EN signal on $memory\weight_mem[725]$2273 ($dff) from module bnn_top (D = \w_data, Q = \weight_mem[725]).
Adding EN signal on $memory\weight_mem[726]$2275 ($dff) from module bnn_top (D = \w_data, Q = \weight_mem[726]).
Adding EN signal on $memory\weight_mem[727]$2277 ($dff) from module bnn_top (D = \w_data, Q = \weight_mem[727]).
Adding EN signal on $memory\weight_mem[728]$2279 ($dff) from module bnn_top (D = \w_data, Q = \weight_mem[728]).
Adding EN signal on $memory\weight_mem[729]$2281 ($dff) from module bnn_top (D = \w_data, Q = \weight_mem[729]).
Adding EN signal on $memory\weight_mem[730]$2283 ($dff) from module bnn_top (D = \w_data, Q = \weight_mem[730]).
Adding EN signal on $memory\weight_mem[731]$2285 ($dff) from module bnn_top (D = \w_data, Q = \weight_mem[731]).
Adding EN signal on $memory\weight_mem[732]$2287 ($dff) from module bnn_top (D = \w_data, Q = \weight_mem[732]).
Adding EN signal on $memory\weight_mem[733]$2289 ($dff) from module bnn_top (D = \w_data, Q = \weight_mem[733]).
Adding EN signal on $memory\weight_mem[734]$2291 ($dff) from module bnn_top (D = \w_data, Q = \weight_mem[734]).
Adding EN signal on $memory\weight_mem[735]$2293 ($dff) from module bnn_top (D = \w_data, Q = \weight_mem[735]).
Adding EN signal on $memory\weight_mem[736]$2295 ($dff) from module bnn_top (D = \w_data, Q = \weight_mem[736]).
Adding EN signal on $memory\weight_mem[737]$2297 ($dff) from module bnn_top (D = \w_data, Q = \weight_mem[737]).
Adding EN signal on $memory\weight_mem[738]$2299 ($dff) from module bnn_top (D = \w_data, Q = \weight_mem[738]).
Adding EN signal on $memory\weight_mem[739]$2301 ($dff) from module bnn_top (D = \w_data, Q = \weight_mem[739]).
Adding EN signal on $memory\weight_mem[740]$2303 ($dff) from module bnn_top (D = \w_data, Q = \weight_mem[740]).
Adding EN signal on $memory\weight_mem[741]$2305 ($dff) from module bnn_top (D = \w_data, Q = \weight_mem[741]).
Adding EN signal on $memory\weight_mem[742]$2307 ($dff) from module bnn_top (D = \w_data, Q = \weight_mem[742]).
Adding EN signal on $memory\weight_mem[743]$2309 ($dff) from module bnn_top (D = \w_data, Q = \weight_mem[743]).
Adding EN signal on $memory\weight_mem[744]$2311 ($dff) from module bnn_top (D = \w_data, Q = \weight_mem[744]).
Adding EN signal on $memory\weight_mem[745]$2313 ($dff) from module bnn_top (D = \w_data, Q = \weight_mem[745]).
Adding EN signal on $memory\weight_mem[746]$2315 ($dff) from module bnn_top (D = \w_data, Q = \weight_mem[746]).
Adding EN signal on $memory\weight_mem[747]$2317 ($dff) from module bnn_top (D = \w_data, Q = \weight_mem[747]).
Adding EN signal on $memory\weight_mem[748]$2319 ($dff) from module bnn_top (D = \w_data, Q = \weight_mem[748]).
Adding EN signal on $memory\weight_mem[749]$2321 ($dff) from module bnn_top (D = \w_data, Q = \weight_mem[749]).
Adding EN signal on $memory\weight_mem[750]$2323 ($dff) from module bnn_top (D = \w_data, Q = \weight_mem[750]).
Adding EN signal on $memory\weight_mem[751]$2325 ($dff) from module bnn_top (D = \w_data, Q = \weight_mem[751]).
Adding EN signal on $memory\weight_mem[752]$2327 ($dff) from module bnn_top (D = \w_data, Q = \weight_mem[752]).
Adding EN signal on $memory\weight_mem[753]$2329 ($dff) from module bnn_top (D = \w_data, Q = \weight_mem[753]).
Adding EN signal on $memory\weight_mem[754]$2331 ($dff) from module bnn_top (D = \w_data, Q = \weight_mem[754]).
Adding EN signal on $memory\weight_mem[755]$2333 ($dff) from module bnn_top (D = \w_data, Q = \weight_mem[755]).
Adding EN signal on $memory\weight_mem[756]$2335 ($dff) from module bnn_top (D = \w_data, Q = \weight_mem[756]).
Adding EN signal on $memory\weight_mem[757]$2337 ($dff) from module bnn_top (D = \w_data, Q = \weight_mem[757]).
Adding EN signal on $memory\weight_mem[758]$2339 ($dff) from module bnn_top (D = \w_data, Q = \weight_mem[758]).
Adding EN signal on $memory\weight_mem[759]$2341 ($dff) from module bnn_top (D = \w_data, Q = \weight_mem[759]).
Adding EN signal on $memory\weight_mem[760]$2343 ($dff) from module bnn_top (D = \w_data, Q = \weight_mem[760]).
Adding EN signal on $memory\weight_mem[761]$2345 ($dff) from module bnn_top (D = \w_data, Q = \weight_mem[761]).
Adding EN signal on $memory\weight_mem[762]$2347 ($dff) from module bnn_top (D = \w_data, Q = \weight_mem[762]).
Adding EN signal on $memory\weight_mem[763]$2349 ($dff) from module bnn_top (D = \w_data, Q = \weight_mem[763]).
Adding EN signal on $memory\weight_mem[764]$2351 ($dff) from module bnn_top (D = \w_data, Q = \weight_mem[764]).
Adding EN signal on $memory\weight_mem[765]$2353 ($dff) from module bnn_top (D = \w_data, Q = \weight_mem[765]).
Adding EN signal on $memory\weight_mem[766]$2355 ($dff) from module bnn_top (D = \w_data, Q = \weight_mem[766]).
Adding EN signal on $memory\weight_mem[767]$2357 ($dff) from module bnn_top (D = \w_data, Q = \weight_mem[767]).
Adding EN signal on $memory\weight_mem[768]$2359 ($dff) from module bnn_top (D = \w_data, Q = \weight_mem[768]).
Adding EN signal on $memory\weight_mem[769]$2361 ($dff) from module bnn_top (D = \w_data, Q = \weight_mem[769]).
Adding EN signal on $memory\weight_mem[770]$2363 ($dff) from module bnn_top (D = \w_data, Q = \weight_mem[770]).
Adding EN signal on $memory\weight_mem[771]$2365 ($dff) from module bnn_top (D = \w_data, Q = \weight_mem[771]).
Adding EN signal on $memory\weight_mem[772]$2367 ($dff) from module bnn_top (D = \w_data, Q = \weight_mem[772]).
Adding EN signal on $memory\weight_mem[773]$2369 ($dff) from module bnn_top (D = \w_data, Q = \weight_mem[773]).
Adding EN signal on $memory\weight_mem[774]$2371 ($dff) from module bnn_top (D = \w_data, Q = \weight_mem[774]).
Adding EN signal on $memory\weight_mem[775]$2373 ($dff) from module bnn_top (D = \w_data, Q = \weight_mem[775]).
Adding EN signal on $memory\weight_mem[776]$2375 ($dff) from module bnn_top (D = \w_data, Q = \weight_mem[776]).
Adding EN signal on $memory\weight_mem[777]$2377 ($dff) from module bnn_top (D = \w_data, Q = \weight_mem[777]).
Adding EN signal on $memory\weight_mem[778]$2379 ($dff) from module bnn_top (D = \w_data, Q = \weight_mem[778]).
Adding EN signal on $memory\weight_mem[779]$2381 ($dff) from module bnn_top (D = \w_data, Q = \weight_mem[779]).
Adding EN signal on $memory\weight_mem[780]$2383 ($dff) from module bnn_top (D = \w_data, Q = \weight_mem[780]).
Adding EN signal on $memory\weight_mem[781]$2385 ($dff) from module bnn_top (D = \w_data, Q = \weight_mem[781]).
Adding EN signal on $memory\weight_mem[782]$2387 ($dff) from module bnn_top (D = \w_data, Q = \weight_mem[782]).
Adding EN signal on $memory\weight_mem[783]$2389 ($dff) from module bnn_top (D = \w_data, Q = \weight_mem[783]).
Adding EN signal on $memory\weight_mem[784]$2391 ($dff) from module bnn_top (D = \w_data, Q = \weight_mem[784]).
Adding EN signal on $memory\weight_mem[785]$2393 ($dff) from module bnn_top (D = \w_data, Q = \weight_mem[785]).
Adding EN signal on $memory\weight_mem[786]$2395 ($dff) from module bnn_top (D = \w_data, Q = \weight_mem[786]).
Adding EN signal on $memory\weight_mem[787]$2397 ($dff) from module bnn_top (D = \w_data, Q = \weight_mem[787]).
Adding EN signal on $memory\weight_mem[788]$2399 ($dff) from module bnn_top (D = \w_data, Q = \weight_mem[788]).
Adding EN signal on $memory\weight_mem[789]$2401 ($dff) from module bnn_top (D = \w_data, Q = \weight_mem[789]).
Adding EN signal on $memory\weight_mem[790]$2403 ($dff) from module bnn_top (D = \w_data, Q = \weight_mem[790]).
Adding EN signal on $memory\weight_mem[791]$2405 ($dff) from module bnn_top (D = \w_data, Q = \weight_mem[791]).
Adding EN signal on $memory\weight_mem[792]$2407 ($dff) from module bnn_top (D = \w_data, Q = \weight_mem[792]).
Adding EN signal on $memory\weight_mem[793]$2409 ($dff) from module bnn_top (D = \w_data, Q = \weight_mem[793]).
Adding EN signal on $memory\weight_mem[794]$2411 ($dff) from module bnn_top (D = \w_data, Q = \weight_mem[794]).
Adding EN signal on $memory\weight_mem[795]$2413 ($dff) from module bnn_top (D = \w_data, Q = \weight_mem[795]).
Adding EN signal on $memory\weight_mem[796]$2415 ($dff) from module bnn_top (D = \w_data, Q = \weight_mem[796]).
Adding EN signal on $memory\weight_mem[797]$2417 ($dff) from module bnn_top (D = \w_data, Q = \weight_mem[797]).
Adding EN signal on $memory\weight_mem[798]$2419 ($dff) from module bnn_top (D = \w_data, Q = \weight_mem[798]).
Adding EN signal on $memory\weight_mem[799]$2421 ($dff) from module bnn_top (D = \w_data, Q = \weight_mem[799]).
Adding EN signal on $memory\weight_mem[800]$2423 ($dff) from module bnn_top (D = \w_data, Q = \weight_mem[800]).
Adding EN signal on $memory\weight_mem[801]$2425 ($dff) from module bnn_top (D = \w_data, Q = \weight_mem[801]).
Adding EN signal on $memory\weight_mem[802]$2427 ($dff) from module bnn_top (D = \w_data, Q = \weight_mem[802]).
Adding EN signal on $memory\weight_mem[803]$2429 ($dff) from module bnn_top (D = \w_data, Q = \weight_mem[803]).
Adding EN signal on $memory\weight_mem[804]$2431 ($dff) from module bnn_top (D = \w_data, Q = \weight_mem[804]).
Adding EN signal on $memory\weight_mem[805]$2433 ($dff) from module bnn_top (D = \w_data, Q = \weight_mem[805]).
Adding EN signal on $memory\weight_mem[806]$2435 ($dff) from module bnn_top (D = \w_data, Q = \weight_mem[806]).
Adding EN signal on $memory\weight_mem[807]$2437 ($dff) from module bnn_top (D = \w_data, Q = \weight_mem[807]).
Adding EN signal on $memory\weight_mem[808]$2439 ($dff) from module bnn_top (D = \w_data, Q = \weight_mem[808]).
Adding EN signal on $memory\weight_mem[809]$2441 ($dff) from module bnn_top (D = \w_data, Q = \weight_mem[809]).
Adding EN signal on $memory\weight_mem[810]$2443 ($dff) from module bnn_top (D = \w_data, Q = \weight_mem[810]).
Adding EN signal on $memory\weight_mem[811]$2445 ($dff) from module bnn_top (D = \w_data, Q = \weight_mem[811]).
Adding EN signal on $memory\weight_mem[812]$2447 ($dff) from module bnn_top (D = \w_data, Q = \weight_mem[812]).
Adding EN signal on $memory\weight_mem[813]$2449 ($dff) from module bnn_top (D = \w_data, Q = \weight_mem[813]).
Adding EN signal on $memory\weight_mem[814]$2451 ($dff) from module bnn_top (D = \w_data, Q = \weight_mem[814]).
Adding EN signal on $memory\weight_mem[815]$2453 ($dff) from module bnn_top (D = \w_data, Q = \weight_mem[815]).
Adding EN signal on $memory\weight_mem[816]$2455 ($dff) from module bnn_top (D = \w_data, Q = \weight_mem[816]).
Adding EN signal on $memory\weight_mem[817]$2457 ($dff) from module bnn_top (D = \w_data, Q = \weight_mem[817]).
Adding EN signal on $memory\weight_mem[818]$2459 ($dff) from module bnn_top (D = \w_data, Q = \weight_mem[818]).
Adding EN signal on $memory\weight_mem[819]$2461 ($dff) from module bnn_top (D = \w_data, Q = \weight_mem[819]).
Adding EN signal on $memory\weight_mem[820]$2463 ($dff) from module bnn_top (D = \w_data, Q = \weight_mem[820]).
Adding EN signal on $memory\weight_mem[821]$2465 ($dff) from module bnn_top (D = \w_data, Q = \weight_mem[821]).
Adding EN signal on $memory\weight_mem[822]$2467 ($dff) from module bnn_top (D = \w_data, Q = \weight_mem[822]).
Adding EN signal on $memory\weight_mem[823]$2469 ($dff) from module bnn_top (D = \w_data, Q = \weight_mem[823]).
Adding EN signal on $memory\weight_mem[824]$2471 ($dff) from module bnn_top (D = \w_data, Q = \weight_mem[824]).
Adding EN signal on $memory\weight_mem[825]$2473 ($dff) from module bnn_top (D = \w_data, Q = \weight_mem[825]).
Adding EN signal on $memory\weight_mem[826]$2475 ($dff) from module bnn_top (D = \w_data, Q = \weight_mem[826]).
Adding EN signal on $memory\weight_mem[827]$2477 ($dff) from module bnn_top (D = \w_data, Q = \weight_mem[827]).
Adding EN signal on $memory\weight_mem[828]$2479 ($dff) from module bnn_top (D = \w_data, Q = \weight_mem[828]).
Adding EN signal on $memory\weight_mem[829]$2481 ($dff) from module bnn_top (D = \w_data, Q = \weight_mem[829]).
Adding EN signal on $memory\weight_mem[830]$2483 ($dff) from module bnn_top (D = \w_data, Q = \weight_mem[830]).
Adding EN signal on $memory\weight_mem[831]$2485 ($dff) from module bnn_top (D = \w_data, Q = \weight_mem[831]).
Adding EN signal on $memory\weight_mem[832]$2487 ($dff) from module bnn_top (D = \w_data, Q = \weight_mem[832]).
Adding EN signal on $memory\weight_mem[833]$2489 ($dff) from module bnn_top (D = \w_data, Q = \weight_mem[833]).
Adding EN signal on $memory\weight_mem[834]$2491 ($dff) from module bnn_top (D = \w_data, Q = \weight_mem[834]).
Adding EN signal on $memory\weight_mem[835]$2493 ($dff) from module bnn_top (D = \w_data, Q = \weight_mem[835]).
Adding EN signal on $memory\weight_mem[836]$2495 ($dff) from module bnn_top (D = \w_data, Q = \weight_mem[836]).
Adding EN signal on $memory\weight_mem[837]$2497 ($dff) from module bnn_top (D = \w_data, Q = \weight_mem[837]).
Adding EN signal on $memory\weight_mem[838]$2499 ($dff) from module bnn_top (D = \w_data, Q = \weight_mem[838]).
Adding EN signal on $memory\weight_mem[839]$2501 ($dff) from module bnn_top (D = \w_data, Q = \weight_mem[839]).
Adding EN signal on $memory\weight_mem[840]$2503 ($dff) from module bnn_top (D = \w_data, Q = \weight_mem[840]).
Adding EN signal on $memory\weight_mem[841]$2505 ($dff) from module bnn_top (D = \w_data, Q = \weight_mem[841]).
Adding EN signal on $memory\weight_mem[842]$2507 ($dff) from module bnn_top (D = \w_data, Q = \weight_mem[842]).
Adding EN signal on $memory\weight_mem[843]$2509 ($dff) from module bnn_top (D = \w_data, Q = \weight_mem[843]).
Adding EN signal on $memory\weight_mem[844]$2511 ($dff) from module bnn_top (D = \w_data, Q = \weight_mem[844]).
Adding EN signal on $memory\weight_mem[845]$2513 ($dff) from module bnn_top (D = \w_data, Q = \weight_mem[845]).
Adding EN signal on $memory\weight_mem[846]$2515 ($dff) from module bnn_top (D = \w_data, Q = \weight_mem[846]).
Adding EN signal on $memory\weight_mem[847]$2517 ($dff) from module bnn_top (D = \w_data, Q = \weight_mem[847]).
Adding EN signal on $memory\weight_mem[848]$2519 ($dff) from module bnn_top (D = \w_data, Q = \weight_mem[848]).
Adding EN signal on $memory\weight_mem[849]$2521 ($dff) from module bnn_top (D = \w_data, Q = \weight_mem[849]).
Adding EN signal on $memory\weight_mem[850]$2523 ($dff) from module bnn_top (D = \w_data, Q = \weight_mem[850]).
Adding EN signal on $memory\weight_mem[851]$2525 ($dff) from module bnn_top (D = \w_data, Q = \weight_mem[851]).
Adding EN signal on $memory\weight_mem[852]$2527 ($dff) from module bnn_top (D = \w_data, Q = \weight_mem[852]).
Adding EN signal on $memory\weight_mem[853]$2529 ($dff) from module bnn_top (D = \w_data, Q = \weight_mem[853]).
Adding EN signal on $memory\weight_mem[854]$2531 ($dff) from module bnn_top (D = \w_data, Q = \weight_mem[854]).
Adding EN signal on $memory\weight_mem[855]$2533 ($dff) from module bnn_top (D = \w_data, Q = \weight_mem[855]).
Adding EN signal on $memory\weight_mem[856]$2535 ($dff) from module bnn_top (D = \w_data, Q = \weight_mem[856]).
Adding EN signal on $memory\weight_mem[857]$2537 ($dff) from module bnn_top (D = \w_data, Q = \weight_mem[857]).
Adding EN signal on $memory\weight_mem[858]$2539 ($dff) from module bnn_top (D = \w_data, Q = \weight_mem[858]).
Adding EN signal on $memory\weight_mem[859]$2541 ($dff) from module bnn_top (D = \w_data, Q = \weight_mem[859]).
Adding EN signal on $memory\weight_mem[860]$2543 ($dff) from module bnn_top (D = \w_data, Q = \weight_mem[860]).
Adding EN signal on $memory\weight_mem[861]$2545 ($dff) from module bnn_top (D = \w_data, Q = \weight_mem[861]).
Adding EN signal on $memory\weight_mem[862]$2547 ($dff) from module bnn_top (D = \w_data, Q = \weight_mem[862]).
Adding EN signal on $memory\weight_mem[863]$2549 ($dff) from module bnn_top (D = \w_data, Q = \weight_mem[863]).
Adding EN signal on $memory\weight_mem[864]$2551 ($dff) from module bnn_top (D = \w_data, Q = \weight_mem[864]).
Adding EN signal on $memory\weight_mem[865]$2553 ($dff) from module bnn_top (D = \w_data, Q = \weight_mem[865]).
Adding EN signal on $memory\weight_mem[866]$2555 ($dff) from module bnn_top (D = \w_data, Q = \weight_mem[866]).
Adding EN signal on $memory\weight_mem[867]$2557 ($dff) from module bnn_top (D = \w_data, Q = \weight_mem[867]).
Adding EN signal on $memory\weight_mem[868]$2559 ($dff) from module bnn_top (D = \w_data, Q = \weight_mem[868]).
Adding EN signal on $memory\weight_mem[869]$2561 ($dff) from module bnn_top (D = \w_data, Q = \weight_mem[869]).
Adding EN signal on $memory\weight_mem[870]$2563 ($dff) from module bnn_top (D = \w_data, Q = \weight_mem[870]).
Adding EN signal on $memory\weight_mem[871]$2565 ($dff) from module bnn_top (D = \w_data, Q = \weight_mem[871]).
Adding EN signal on $memory\weight_mem[872]$2567 ($dff) from module bnn_top (D = \w_data, Q = \weight_mem[872]).
Adding EN signal on $memory\weight_mem[873]$2569 ($dff) from module bnn_top (D = \w_data, Q = \weight_mem[873]).
Adding EN signal on $memory\weight_mem[874]$2571 ($dff) from module bnn_top (D = \w_data, Q = \weight_mem[874]).
Adding EN signal on $memory\weight_mem[875]$2573 ($dff) from module bnn_top (D = \w_data, Q = \weight_mem[875]).
Adding EN signal on $memory\weight_mem[876]$2575 ($dff) from module bnn_top (D = \w_data, Q = \weight_mem[876]).
Adding EN signal on $memory\weight_mem[877]$2577 ($dff) from module bnn_top (D = \w_data, Q = \weight_mem[877]).
Adding EN signal on $memory\weight_mem[878]$2579 ($dff) from module bnn_top (D = \w_data, Q = \weight_mem[878]).
Adding EN signal on $memory\weight_mem[879]$2581 ($dff) from module bnn_top (D = \w_data, Q = \weight_mem[879]).
Adding EN signal on $memory\weight_mem[880]$2583 ($dff) from module bnn_top (D = \w_data, Q = \weight_mem[880]).
Adding EN signal on $memory\weight_mem[881]$2585 ($dff) from module bnn_top (D = \w_data, Q = \weight_mem[881]).
Adding EN signal on $memory\weight_mem[882]$2587 ($dff) from module bnn_top (D = \w_data, Q = \weight_mem[882]).
Adding EN signal on $memory\weight_mem[883]$2589 ($dff) from module bnn_top (D = \w_data, Q = \weight_mem[883]).
Adding EN signal on $memory\weight_mem[884]$2591 ($dff) from module bnn_top (D = \w_data, Q = \weight_mem[884]).
Adding EN signal on $memory\weight_mem[885]$2593 ($dff) from module bnn_top (D = \w_data, Q = \weight_mem[885]).
Adding EN signal on $memory\weight_mem[886]$2595 ($dff) from module bnn_top (D = \w_data, Q = \weight_mem[886]).
Adding EN signal on $memory\weight_mem[887]$2597 ($dff) from module bnn_top (D = \w_data, Q = \weight_mem[887]).
Adding EN signal on $memory\weight_mem[888]$2599 ($dff) from module bnn_top (D = \w_data, Q = \weight_mem[888]).
Adding EN signal on $memory\weight_mem[889]$2601 ($dff) from module bnn_top (D = \w_data, Q = \weight_mem[889]).
Adding EN signal on $memory\weight_mem[890]$2603 ($dff) from module bnn_top (D = \w_data, Q = \weight_mem[890]).
Adding EN signal on $memory\weight_mem[891]$2605 ($dff) from module bnn_top (D = \w_data, Q = \weight_mem[891]).
Adding EN signal on $memory\weight_mem[892]$2607 ($dff) from module bnn_top (D = \w_data, Q = \weight_mem[892]).
Adding EN signal on $memory\weight_mem[893]$2609 ($dff) from module bnn_top (D = \w_data, Q = \weight_mem[893]).
Adding EN signal on $memory\weight_mem[894]$2611 ($dff) from module bnn_top (D = \w_data, Q = \weight_mem[894]).
Adding EN signal on $memory\weight_mem[895]$2613 ($dff) from module bnn_top (D = \w_data, Q = \weight_mem[895]).
Adding EN signal on $memory\weight_mem[896]$2615 ($dff) from module bnn_top (D = \w_data, Q = \weight_mem[896]).
Adding EN signal on $memory\weight_mem[897]$2617 ($dff) from module bnn_top (D = \w_data, Q = \weight_mem[897]).
Adding EN signal on $memory\weight_mem[898]$2619 ($dff) from module bnn_top (D = \w_data, Q = \weight_mem[898]).
Adding EN signal on $memory\weight_mem[899]$2621 ($dff) from module bnn_top (D = \w_data, Q = \weight_mem[899]).
Adding EN signal on $memory\weight_mem[900]$2623 ($dff) from module bnn_top (D = \w_data, Q = \weight_mem[900]).
Adding EN signal on $memory\weight_mem[901]$2625 ($dff) from module bnn_top (D = \w_data, Q = \weight_mem[901]).
Adding EN signal on $memory\weight_mem[902]$2627 ($dff) from module bnn_top (D = \w_data, Q = \weight_mem[902]).
Adding EN signal on $memory\weight_mem[903]$2629 ($dff) from module bnn_top (D = \w_data, Q = \weight_mem[903]).
Adding EN signal on $memory\weight_mem[904]$2631 ($dff) from module bnn_top (D = \w_data, Q = \weight_mem[904]).
Adding EN signal on $memory\weight_mem[905]$2633 ($dff) from module bnn_top (D = \w_data, Q = \weight_mem[905]).
Adding EN signal on $memory\weight_mem[906]$2635 ($dff) from module bnn_top (D = \w_data, Q = \weight_mem[906]).
Adding EN signal on $memory\weight_mem[907]$2637 ($dff) from module bnn_top (D = \w_data, Q = \weight_mem[907]).
Adding EN signal on $memory\weight_mem[908]$2639 ($dff) from module bnn_top (D = \w_data, Q = \weight_mem[908]).
Adding EN signal on $memory\weight_mem[909]$2641 ($dff) from module bnn_top (D = \w_data, Q = \weight_mem[909]).
Adding EN signal on $memory\weight_mem[910]$2643 ($dff) from module bnn_top (D = \w_data, Q = \weight_mem[910]).
Adding EN signal on $memory\weight_mem[911]$2645 ($dff) from module bnn_top (D = \w_data, Q = \weight_mem[911]).
Adding EN signal on $memory\weight_mem[912]$2647 ($dff) from module bnn_top (D = \w_data, Q = \weight_mem[912]).
Adding EN signal on $memory\weight_mem[913]$2649 ($dff) from module bnn_top (D = \w_data, Q = \weight_mem[913]).
Adding EN signal on $memory\weight_mem[914]$2651 ($dff) from module bnn_top (D = \w_data, Q = \weight_mem[914]).
Adding EN signal on $memory\weight_mem[915]$2653 ($dff) from module bnn_top (D = \w_data, Q = \weight_mem[915]).
Adding EN signal on $memory\weight_mem[916]$2655 ($dff) from module bnn_top (D = \w_data, Q = \weight_mem[916]).
Adding EN signal on $memory\weight_mem[917]$2657 ($dff) from module bnn_top (D = \w_data, Q = \weight_mem[917]).
Adding EN signal on $memory\weight_mem[918]$2659 ($dff) from module bnn_top (D = \w_data, Q = \weight_mem[918]).
Adding EN signal on $memory\weight_mem[919]$2661 ($dff) from module bnn_top (D = \w_data, Q = \weight_mem[919]).
Adding EN signal on $memory\weight_mem[920]$2663 ($dff) from module bnn_top (D = \w_data, Q = \weight_mem[920]).
Adding EN signal on $memory\weight_mem[921]$2665 ($dff) from module bnn_top (D = \w_data, Q = \weight_mem[921]).
Adding EN signal on $memory\weight_mem[922]$2667 ($dff) from module bnn_top (D = \w_data, Q = \weight_mem[922]).
Adding EN signal on $memory\weight_mem[923]$2669 ($dff) from module bnn_top (D = \w_data, Q = \weight_mem[923]).
Adding EN signal on $memory\weight_mem[924]$2671 ($dff) from module bnn_top (D = \w_data, Q = \weight_mem[924]).
Adding EN signal on $memory\weight_mem[925]$2673 ($dff) from module bnn_top (D = \w_data, Q = \weight_mem[925]).
Adding EN signal on $memory\weight_mem[926]$2675 ($dff) from module bnn_top (D = \w_data, Q = \weight_mem[926]).
Adding EN signal on $memory\weight_mem[927]$2677 ($dff) from module bnn_top (D = \w_data, Q = \weight_mem[927]).
Adding EN signal on $memory\weight_mem[928]$2679 ($dff) from module bnn_top (D = \w_data, Q = \weight_mem[928]).
Adding EN signal on $memory\weight_mem[929]$2681 ($dff) from module bnn_top (D = \w_data, Q = \weight_mem[929]).
Adding EN signal on $memory\weight_mem[930]$2683 ($dff) from module bnn_top (D = \w_data, Q = \weight_mem[930]).
Adding EN signal on $memory\weight_mem[931]$2685 ($dff) from module bnn_top (D = \w_data, Q = \weight_mem[931]).
Adding EN signal on $memory\weight_mem[932]$2687 ($dff) from module bnn_top (D = \w_data, Q = \weight_mem[932]).
Adding EN signal on $memory\weight_mem[933]$2689 ($dff) from module bnn_top (D = \w_data, Q = \weight_mem[933]).
Adding EN signal on $memory\weight_mem[934]$2691 ($dff) from module bnn_top (D = \w_data, Q = \weight_mem[934]).
Adding EN signal on $memory\weight_mem[935]$2693 ($dff) from module bnn_top (D = \w_data, Q = \weight_mem[935]).
Adding EN signal on $memory\weight_mem[936]$2695 ($dff) from module bnn_top (D = \w_data, Q = \weight_mem[936]).
Adding EN signal on $memory\weight_mem[937]$2697 ($dff) from module bnn_top (D = \w_data, Q = \weight_mem[937]).
Adding EN signal on $memory\weight_mem[938]$2699 ($dff) from module bnn_top (D = \w_data, Q = \weight_mem[938]).
Adding EN signal on $memory\weight_mem[939]$2701 ($dff) from module bnn_top (D = \w_data, Q = \weight_mem[939]).
Adding EN signal on $memory\weight_mem[940]$2703 ($dff) from module bnn_top (D = \w_data, Q = \weight_mem[940]).
Adding EN signal on $memory\weight_mem[941]$2705 ($dff) from module bnn_top (D = \w_data, Q = \weight_mem[941]).
Adding EN signal on $memory\weight_mem[942]$2707 ($dff) from module bnn_top (D = \w_data, Q = \weight_mem[942]).
Adding EN signal on $memory\weight_mem[943]$2709 ($dff) from module bnn_top (D = \w_data, Q = \weight_mem[943]).
Adding EN signal on $memory\weight_mem[944]$2711 ($dff) from module bnn_top (D = \w_data, Q = \weight_mem[944]).
Adding EN signal on $memory\weight_mem[945]$2713 ($dff) from module bnn_top (D = \w_data, Q = \weight_mem[945]).
Adding EN signal on $memory\weight_mem[946]$2715 ($dff) from module bnn_top (D = \w_data, Q = \weight_mem[946]).
Adding EN signal on $memory\weight_mem[947]$2717 ($dff) from module bnn_top (D = \w_data, Q = \weight_mem[947]).
Adding EN signal on $memory\weight_mem[948]$2719 ($dff) from module bnn_top (D = \w_data, Q = \weight_mem[948]).
Adding EN signal on $memory\weight_mem[949]$2721 ($dff) from module bnn_top (D = \w_data, Q = \weight_mem[949]).
Adding EN signal on $memory\weight_mem[950]$2723 ($dff) from module bnn_top (D = \w_data, Q = \weight_mem[950]).
Adding EN signal on $memory\weight_mem[951]$2725 ($dff) from module bnn_top (D = \w_data, Q = \weight_mem[951]).
Adding EN signal on $memory\weight_mem[952]$2727 ($dff) from module bnn_top (D = \w_data, Q = \weight_mem[952]).
Adding EN signal on $memory\weight_mem[953]$2729 ($dff) from module bnn_top (D = \w_data, Q = \weight_mem[953]).
Adding EN signal on $memory\weight_mem[954]$2731 ($dff) from module bnn_top (D = \w_data, Q = \weight_mem[954]).
Adding EN signal on $memory\weight_mem[955]$2733 ($dff) from module bnn_top (D = \w_data, Q = \weight_mem[955]).
Adding EN signal on $memory\weight_mem[956]$2735 ($dff) from module bnn_top (D = \w_data, Q = \weight_mem[956]).
Adding EN signal on $memory\weight_mem[957]$2737 ($dff) from module bnn_top (D = \w_data, Q = \weight_mem[957]).
Adding EN signal on $memory\weight_mem[958]$2739 ($dff) from module bnn_top (D = \w_data, Q = \weight_mem[958]).
Adding EN signal on $memory\weight_mem[959]$2741 ($dff) from module bnn_top (D = \w_data, Q = \weight_mem[959]).
Adding EN signal on $memory\weight_mem[960]$2743 ($dff) from module bnn_top (D = \w_data, Q = \weight_mem[960]).
Adding EN signal on $memory\weight_mem[961]$2745 ($dff) from module bnn_top (D = \w_data, Q = \weight_mem[961]).
Adding EN signal on $memory\weight_mem[962]$2747 ($dff) from module bnn_top (D = \w_data, Q = \weight_mem[962]).
Adding EN signal on $memory\weight_mem[963]$2749 ($dff) from module bnn_top (D = \w_data, Q = \weight_mem[963]).
Adding EN signal on $memory\weight_mem[964]$2751 ($dff) from module bnn_top (D = \w_data, Q = \weight_mem[964]).
Adding EN signal on $memory\weight_mem[965]$2753 ($dff) from module bnn_top (D = \w_data, Q = \weight_mem[965]).
Adding EN signal on $memory\weight_mem[966]$2755 ($dff) from module bnn_top (D = \w_data, Q = \weight_mem[966]).
Adding EN signal on $memory\weight_mem[967]$2757 ($dff) from module bnn_top (D = \w_data, Q = \weight_mem[967]).
Adding EN signal on $memory\weight_mem[968]$2759 ($dff) from module bnn_top (D = \w_data, Q = \weight_mem[968]).
Adding EN signal on $memory\weight_mem[969]$2761 ($dff) from module bnn_top (D = \w_data, Q = \weight_mem[969]).
Adding EN signal on $memory\weight_mem[970]$2763 ($dff) from module bnn_top (D = \w_data, Q = \weight_mem[970]).
Adding EN signal on $memory\weight_mem[971]$2765 ($dff) from module bnn_top (D = \w_data, Q = \weight_mem[971]).
Adding EN signal on $memory\weight_mem[972]$2767 ($dff) from module bnn_top (D = \w_data, Q = \weight_mem[972]).
Adding EN signal on $memory\weight_mem[973]$2769 ($dff) from module bnn_top (D = \w_data, Q = \weight_mem[973]).
Adding EN signal on $memory\weight_mem[974]$2771 ($dff) from module bnn_top (D = \w_data, Q = \weight_mem[974]).
Adding EN signal on $memory\weight_mem[975]$2773 ($dff) from module bnn_top (D = \w_data, Q = \weight_mem[975]).
Adding EN signal on $memory\weight_mem[976]$2775 ($dff) from module bnn_top (D = \w_data, Q = \weight_mem[976]).
Adding EN signal on $memory\weight_mem[977]$2777 ($dff) from module bnn_top (D = \w_data, Q = \weight_mem[977]).
Adding EN signal on $memory\weight_mem[978]$2779 ($dff) from module bnn_top (D = \w_data, Q = \weight_mem[978]).
Adding EN signal on $memory\weight_mem[979]$2781 ($dff) from module bnn_top (D = \w_data, Q = \weight_mem[979]).
Adding EN signal on $memory\weight_mem[980]$2783 ($dff) from module bnn_top (D = \w_data, Q = \weight_mem[980]).
Adding EN signal on $memory\weight_mem[981]$2785 ($dff) from module bnn_top (D = \w_data, Q = \weight_mem[981]).
Adding EN signal on $memory\weight_mem[982]$2787 ($dff) from module bnn_top (D = \w_data, Q = \weight_mem[982]).
Adding EN signal on $memory\weight_mem[983]$2789 ($dff) from module bnn_top (D = \w_data, Q = \weight_mem[983]).
Adding EN signal on $memory\weight_mem[984]$2791 ($dff) from module bnn_top (D = \w_data, Q = \weight_mem[984]).
Adding EN signal on $memory\weight_mem[985]$2793 ($dff) from module bnn_top (D = \w_data, Q = \weight_mem[985]).
Adding EN signal on $memory\weight_mem[986]$2795 ($dff) from module bnn_top (D = \w_data, Q = \weight_mem[986]).
Adding EN signal on $memory\weight_mem[987]$2797 ($dff) from module bnn_top (D = \w_data, Q = \weight_mem[987]).
Adding EN signal on $memory\weight_mem[988]$2799 ($dff) from module bnn_top (D = \w_data, Q = \weight_mem[988]).
Adding EN signal on $memory\weight_mem[989]$2801 ($dff) from module bnn_top (D = \w_data, Q = \weight_mem[989]).
Adding EN signal on $memory\weight_mem[990]$2803 ($dff) from module bnn_top (D = \w_data, Q = \weight_mem[990]).
Adding EN signal on $memory\weight_mem[991]$2805 ($dff) from module bnn_top (D = \w_data, Q = \weight_mem[991]).
Adding EN signal on $memory\weight_mem[992]$2807 ($dff) from module bnn_top (D = \w_data, Q = \weight_mem[992]).
Adding EN signal on $memory\weight_mem[993]$2809 ($dff) from module bnn_top (D = \w_data, Q = \weight_mem[993]).
Adding EN signal on $memory\weight_mem[994]$2811 ($dff) from module bnn_top (D = \w_data, Q = \weight_mem[994]).
Adding EN signal on $memory\weight_mem[995]$2813 ($dff) from module bnn_top (D = \w_data, Q = \weight_mem[995]).
Adding EN signal on $memory\weight_mem[996]$2815 ($dff) from module bnn_top (D = \w_data, Q = \weight_mem[996]).
Adding EN signal on $memory\weight_mem[997]$2817 ($dff) from module bnn_top (D = \w_data, Q = \weight_mem[997]).
Adding EN signal on $memory\weight_mem[998]$2819 ($dff) from module bnn_top (D = \w_data, Q = \weight_mem[998]).
Adding EN signal on $memory\weight_mem[999]$2821 ($dff) from module bnn_top (D = \w_data, Q = \weight_mem[999]).
Adding EN signal on $memory\weight_mem[1000]$2823 ($dff) from module bnn_top (D = \w_data, Q = \weight_mem[1000]).
Adding EN signal on $memory\weight_mem[1001]$2825 ($dff) from module bnn_top (D = \w_data, Q = \weight_mem[1001]).
Adding EN signal on $memory\weight_mem[1002]$2827 ($dff) from module bnn_top (D = \w_data, Q = \weight_mem[1002]).
Adding EN signal on $memory\weight_mem[1003]$2829 ($dff) from module bnn_top (D = \w_data, Q = \weight_mem[1003]).
Adding EN signal on $memory\weight_mem[1004]$2831 ($dff) from module bnn_top (D = \w_data, Q = \weight_mem[1004]).
Adding EN signal on $memory\weight_mem[1005]$2833 ($dff) from module bnn_top (D = \w_data, Q = \weight_mem[1005]).
Adding EN signal on $memory\weight_mem[1006]$2835 ($dff) from module bnn_top (D = \w_data, Q = \weight_mem[1006]).
Adding EN signal on $memory\weight_mem[1007]$2837 ($dff) from module bnn_top (D = \w_data, Q = \weight_mem[1007]).
Adding EN signal on $memory\weight_mem[1008]$2839 ($dff) from module bnn_top (D = \w_data, Q = \weight_mem[1008]).
Adding EN signal on $memory\weight_mem[1009]$2841 ($dff) from module bnn_top (D = \w_data, Q = \weight_mem[1009]).
Adding EN signal on $memory\weight_mem[1010]$2843 ($dff) from module bnn_top (D = \w_data, Q = \weight_mem[1010]).
Adding EN signal on $memory\weight_mem[1011]$2845 ($dff) from module bnn_top (D = \w_data, Q = \weight_mem[1011]).
Adding EN signal on $memory\weight_mem[1012]$2847 ($dff) from module bnn_top (D = \w_data, Q = \weight_mem[1012]).
Adding EN signal on $memory\weight_mem[1013]$2849 ($dff) from module bnn_top (D = \w_data, Q = \weight_mem[1013]).
Adding EN signal on $memory\weight_mem[1014]$2851 ($dff) from module bnn_top (D = \w_data, Q = \weight_mem[1014]).
Adding EN signal on $memory\weight_mem[1015]$2853 ($dff) from module bnn_top (D = \w_data, Q = \weight_mem[1015]).
Adding EN signal on $memory\weight_mem[1016]$2855 ($dff) from module bnn_top (D = \w_data, Q = \weight_mem[1016]).
Adding EN signal on $memory\weight_mem[1017]$2857 ($dff) from module bnn_top (D = \w_data, Q = \weight_mem[1017]).
Adding EN signal on $memory\weight_mem[1018]$2859 ($dff) from module bnn_top (D = \w_data, Q = \weight_mem[1018]).
Adding EN signal on $memory\weight_mem[1019]$2861 ($dff) from module bnn_top (D = \w_data, Q = \weight_mem[1019]).
Adding EN signal on $memory\weight_mem[1020]$2863 ($dff) from module bnn_top (D = \w_data, Q = \weight_mem[1020]).
Adding EN signal on $memory\weight_mem[1021]$2865 ($dff) from module bnn_top (D = \w_data, Q = \weight_mem[1021]).
Adding EN signal on $memory\weight_mem[1022]$2867 ($dff) from module bnn_top (D = \w_data, Q = \weight_mem[1022]).
Adding EN signal on $memory\weight_mem[1023]$2869 ($dff) from module bnn_top (D = \w_data, Q = \weight_mem[1023]).
Adding EN signal on $memory\weight_mem[1024]$2871 ($dff) from module bnn_top (D = \w_data, Q = \weight_mem[1024]).
Adding EN signal on $memory\weight_mem[1025]$2873 ($dff) from module bnn_top (D = \w_data, Q = \weight_mem[1025]).
Adding EN signal on $memory\weight_mem[1026]$2875 ($dff) from module bnn_top (D = \w_data, Q = \weight_mem[1026]).
Adding EN signal on $memory\weight_mem[1027]$2877 ($dff) from module bnn_top (D = \w_data, Q = \weight_mem[1027]).
Adding EN signal on $memory\weight_mem[1028]$2879 ($dff) from module bnn_top (D = \w_data, Q = \weight_mem[1028]).
Adding EN signal on $memory\weight_mem[1029]$2881 ($dff) from module bnn_top (D = \w_data, Q = \weight_mem[1029]).
Adding EN signal on $memory\weight_mem[1030]$2883 ($dff) from module bnn_top (D = \w_data, Q = \weight_mem[1030]).
Adding EN signal on $memory\weight_mem[1031]$2885 ($dff) from module bnn_top (D = \w_data, Q = \weight_mem[1031]).
Adding EN signal on $memory\weight_mem[1032]$2887 ($dff) from module bnn_top (D = \w_data, Q = \weight_mem[1032]).
Adding EN signal on $memory\weight_mem[1033]$2889 ($dff) from module bnn_top (D = \w_data, Q = \weight_mem[1033]).
Adding EN signal on $memory\weight_mem[1034]$2891 ($dff) from module bnn_top (D = \w_data, Q = \weight_mem[1034]).
Adding EN signal on $memory\weight_mem[1035]$2893 ($dff) from module bnn_top (D = \w_data, Q = \weight_mem[1035]).
Adding EN signal on $memory\weight_mem[1036]$2895 ($dff) from module bnn_top (D = \w_data, Q = \weight_mem[1036]).
Adding EN signal on $memory\weight_mem[1037]$2897 ($dff) from module bnn_top (D = \w_data, Q = \weight_mem[1037]).
Adding EN signal on $memory\weight_mem[1038]$2899 ($dff) from module bnn_top (D = \w_data, Q = \weight_mem[1038]).
Adding EN signal on $memory\weight_mem[1039]$2901 ($dff) from module bnn_top (D = \w_data, Q = \weight_mem[1039]).
Adding EN signal on $memory\weight_mem[1040]$2903 ($dff) from module bnn_top (D = \w_data, Q = \weight_mem[1040]).
Adding EN signal on $memory\weight_mem[1041]$2905 ($dff) from module bnn_top (D = \w_data, Q = \weight_mem[1041]).
Adding EN signal on $memory\weight_mem[1042]$2907 ($dff) from module bnn_top (D = \w_data, Q = \weight_mem[1042]).
Adding EN signal on $memory\weight_mem[1043]$2909 ($dff) from module bnn_top (D = \w_data, Q = \weight_mem[1043]).
Adding EN signal on $memory\weight_mem[1044]$2911 ($dff) from module bnn_top (D = \w_data, Q = \weight_mem[1044]).
Adding EN signal on $memory\weight_mem[1045]$2913 ($dff) from module bnn_top (D = \w_data, Q = \weight_mem[1045]).
Adding EN signal on $memory\weight_mem[1046]$2915 ($dff) from module bnn_top (D = \w_data, Q = \weight_mem[1046]).
Adding EN signal on $memory\weight_mem[1047]$2917 ($dff) from module bnn_top (D = \w_data, Q = \weight_mem[1047]).
Adding EN signal on $memory\weight_mem[1048]$2919 ($dff) from module bnn_top (D = \w_data, Q = \weight_mem[1048]).
Adding EN signal on $memory\weight_mem[1049]$2921 ($dff) from module bnn_top (D = \w_data, Q = \weight_mem[1049]).
Adding EN signal on $memory\weight_mem[1050]$2923 ($dff) from module bnn_top (D = \w_data, Q = \weight_mem[1050]).
Adding EN signal on $memory\weight_mem[1051]$2925 ($dff) from module bnn_top (D = \w_data, Q = \weight_mem[1051]).
Adding EN signal on $memory\weight_mem[1052]$2927 ($dff) from module bnn_top (D = \w_data, Q = \weight_mem[1052]).
Adding EN signal on $memory\weight_mem[1053]$2929 ($dff) from module bnn_top (D = \w_data, Q = \weight_mem[1053]).
Adding EN signal on $memory\weight_mem[1054]$2931 ($dff) from module bnn_top (D = \w_data, Q = \weight_mem[1054]).
Adding EN signal on $memory\weight_mem[1055]$2933 ($dff) from module bnn_top (D = \w_data, Q = \weight_mem[1055]).
Adding EN signal on $memory\weight_mem[1056]$2935 ($dff) from module bnn_top (D = \w_data, Q = \weight_mem[1056]).
Adding EN signal on $memory\weight_mem[1057]$2937 ($dff) from module bnn_top (D = \w_data, Q = \weight_mem[1057]).
Adding EN signal on $memory\weight_mem[1058]$2939 ($dff) from module bnn_top (D = \w_data, Q = \weight_mem[1058]).
Adding EN signal on $memory\weight_mem[1059]$2941 ($dff) from module bnn_top (D = \w_data, Q = \weight_mem[1059]).
Adding EN signal on $memory\weight_mem[1060]$2943 ($dff) from module bnn_top (D = \w_data, Q = \weight_mem[1060]).
Adding EN signal on $memory\weight_mem[1061]$2945 ($dff) from module bnn_top (D = \w_data, Q = \weight_mem[1061]).
Adding EN signal on $memory\weight_mem[1062]$2947 ($dff) from module bnn_top (D = \w_data, Q = \weight_mem[1062]).
Adding EN signal on $memory\weight_mem[1063]$2949 ($dff) from module bnn_top (D = \w_data, Q = \weight_mem[1063]).
Adding EN signal on $memory\weight_mem[1064]$2951 ($dff) from module bnn_top (D = \w_data, Q = \weight_mem[1064]).
Adding EN signal on $memory\weight_mem[1065]$2953 ($dff) from module bnn_top (D = \w_data, Q = \weight_mem[1065]).
Adding EN signal on $memory\weight_mem[1066]$2955 ($dff) from module bnn_top (D = \w_data, Q = \weight_mem[1066]).
Adding EN signal on $memory\weight_mem[1067]$2957 ($dff) from module bnn_top (D = \w_data, Q = \weight_mem[1067]).
Adding EN signal on $memory\weight_mem[1068]$2959 ($dff) from module bnn_top (D = \w_data, Q = \weight_mem[1068]).
Adding EN signal on $memory\weight_mem[1069]$2961 ($dff) from module bnn_top (D = \w_data, Q = \weight_mem[1069]).
Adding EN signal on $memory\weight_mem[1070]$2963 ($dff) from module bnn_top (D = \w_data, Q = \weight_mem[1070]).
Adding EN signal on $memory\weight_mem[1071]$2965 ($dff) from module bnn_top (D = \w_data, Q = \weight_mem[1071]).
Adding EN signal on $memory\weight_mem[1072]$2967 ($dff) from module bnn_top (D = \w_data, Q = \weight_mem[1072]).
Adding EN signal on $memory\weight_mem[1073]$2969 ($dff) from module bnn_top (D = \w_data, Q = \weight_mem[1073]).
Adding EN signal on $memory\weight_mem[1074]$2971 ($dff) from module bnn_top (D = \w_data, Q = \weight_mem[1074]).
Adding EN signal on $memory\weight_mem[1075]$2973 ($dff) from module bnn_top (D = \w_data, Q = \weight_mem[1075]).
Adding EN signal on $memory\weight_mem[1076]$2975 ($dff) from module bnn_top (D = \w_data, Q = \weight_mem[1076]).
Adding EN signal on $memory\weight_mem[1077]$2977 ($dff) from module bnn_top (D = \w_data, Q = \weight_mem[1077]).
Adding EN signal on $memory\weight_mem[1078]$2979 ($dff) from module bnn_top (D = \w_data, Q = \weight_mem[1078]).
Adding EN signal on $memory\weight_mem[1079]$2981 ($dff) from module bnn_top (D = \w_data, Q = \weight_mem[1079]).
Adding EN signal on $memory\weight_mem[1080]$2983 ($dff) from module bnn_top (D = \w_data, Q = \weight_mem[1080]).
Adding EN signal on $memory\weight_mem[1081]$2985 ($dff) from module bnn_top (D = \w_data, Q = \weight_mem[1081]).
Adding EN signal on $memory\weight_mem[1082]$2987 ($dff) from module bnn_top (D = \w_data, Q = \weight_mem[1082]).
Adding EN signal on $memory\weight_mem[1083]$2989 ($dff) from module bnn_top (D = \w_data, Q = \weight_mem[1083]).
Adding EN signal on $memory\weight_mem[1084]$2991 ($dff) from module bnn_top (D = \w_data, Q = \weight_mem[1084]).
Adding EN signal on $memory\weight_mem[1085]$2993 ($dff) from module bnn_top (D = \w_data, Q = \weight_mem[1085]).
Adding EN signal on $memory\weight_mem[1086]$2995 ($dff) from module bnn_top (D = \w_data, Q = \weight_mem[1086]).
Adding EN signal on $memory\weight_mem[1087]$2997 ($dff) from module bnn_top (D = \w_data, Q = \weight_mem[1087]).
Adding EN signal on $memory\weight_mem[1088]$2999 ($dff) from module bnn_top (D = \w_data, Q = \weight_mem[1088]).
Adding EN signal on $memory\weight_mem[1089]$3001 ($dff) from module bnn_top (D = \w_data, Q = \weight_mem[1089]).
Adding EN signal on $memory\weight_mem[1090]$3003 ($dff) from module bnn_top (D = \w_data, Q = \weight_mem[1090]).
Adding EN signal on $memory\weight_mem[1091]$3005 ($dff) from module bnn_top (D = \w_data, Q = \weight_mem[1091]).
Adding EN signal on $memory\weight_mem[1092]$3007 ($dff) from module bnn_top (D = \w_data, Q = \weight_mem[1092]).
Adding EN signal on $memory\weight_mem[1093]$3009 ($dff) from module bnn_top (D = \w_data, Q = \weight_mem[1093]).
Adding EN signal on $memory\weight_mem[1094]$3011 ($dff) from module bnn_top (D = \w_data, Q = \weight_mem[1094]).
Adding EN signal on $memory\weight_mem[1095]$3013 ($dff) from module bnn_top (D = \w_data, Q = \weight_mem[1095]).
Adding EN signal on $memory\weight_mem[1096]$3015 ($dff) from module bnn_top (D = \w_data, Q = \weight_mem[1096]).
Adding EN signal on $memory\weight_mem[1097]$3017 ($dff) from module bnn_top (D = \w_data, Q = \weight_mem[1097]).
Adding EN signal on $memory\weight_mem[1098]$3019 ($dff) from module bnn_top (D = \w_data, Q = \weight_mem[1098]).
Adding EN signal on $memory\weight_mem[1099]$3021 ($dff) from module bnn_top (D = \w_data, Q = \weight_mem[1099]).
Adding EN signal on $memory\weight_mem[1100]$3023 ($dff) from module bnn_top (D = \w_data, Q = \weight_mem[1100]).
Adding EN signal on $memory\weight_mem[1101]$3025 ($dff) from module bnn_top (D = \w_data, Q = \weight_mem[1101]).
Adding EN signal on $memory\weight_mem[1102]$3027 ($dff) from module bnn_top (D = \w_data, Q = \weight_mem[1102]).
Adding EN signal on $memory\weight_mem[1103]$3029 ($dff) from module bnn_top (D = \w_data, Q = \weight_mem[1103]).
Adding EN signal on $memory\weight_mem[1104]$3031 ($dff) from module bnn_top (D = \w_data, Q = \weight_mem[1104]).
Adding EN signal on $memory\weight_mem[1105]$3033 ($dff) from module bnn_top (D = \w_data, Q = \weight_mem[1105]).
Adding EN signal on $memory\weight_mem[1106]$3035 ($dff) from module bnn_top (D = \w_data, Q = \weight_mem[1106]).
Adding EN signal on $memory\weight_mem[1107]$3037 ($dff) from module bnn_top (D = \w_data, Q = \weight_mem[1107]).
Adding EN signal on $memory\weight_mem[1108]$3039 ($dff) from module bnn_top (D = \w_data, Q = \weight_mem[1108]).
Adding EN signal on $memory\weight_mem[1109]$3041 ($dff) from module bnn_top (D = \w_data, Q = \weight_mem[1109]).
Adding EN signal on $memory\weight_mem[1110]$3043 ($dff) from module bnn_top (D = \w_data, Q = \weight_mem[1110]).
Adding EN signal on $memory\weight_mem[1111]$3045 ($dff) from module bnn_top (D = \w_data, Q = \weight_mem[1111]).
Adding EN signal on $memory\weight_mem[1112]$3047 ($dff) from module bnn_top (D = \w_data, Q = \weight_mem[1112]).
Adding EN signal on $memory\weight_mem[1113]$3049 ($dff) from module bnn_top (D = \w_data, Q = \weight_mem[1113]).
Adding EN signal on $memory\weight_mem[1114]$3051 ($dff) from module bnn_top (D = \w_data, Q = \weight_mem[1114]).
Adding EN signal on $memory\weight_mem[1115]$3053 ($dff) from module bnn_top (D = \w_data, Q = \weight_mem[1115]).
Adding EN signal on $memory\weight_mem[1116]$3055 ($dff) from module bnn_top (D = \w_data, Q = \weight_mem[1116]).
Adding EN signal on $memory\weight_mem[1117]$3057 ($dff) from module bnn_top (D = \w_data, Q = \weight_mem[1117]).
Adding EN signal on $memory\weight_mem[1118]$3059 ($dff) from module bnn_top (D = \w_data, Q = \weight_mem[1118]).
Adding EN signal on $memory\weight_mem[1119]$3061 ($dff) from module bnn_top (D = \w_data, Q = \weight_mem[1119]).
Adding EN signal on $memory\weight_mem[1120]$3063 ($dff) from module bnn_top (D = \w_data, Q = \weight_mem[1120]).
Adding EN signal on $memory\weight_mem[1121]$3065 ($dff) from module bnn_top (D = \w_data, Q = \weight_mem[1121]).
Adding EN signal on $memory\weight_mem[1122]$3067 ($dff) from module bnn_top (D = \w_data, Q = \weight_mem[1122]).
Adding EN signal on $memory\weight_mem[1123]$3069 ($dff) from module bnn_top (D = \w_data, Q = \weight_mem[1123]).
Adding EN signal on $memory\weight_mem[1124]$3071 ($dff) from module bnn_top (D = \w_data, Q = \weight_mem[1124]).
Adding EN signal on $memory\weight_mem[1125]$3073 ($dff) from module bnn_top (D = \w_data, Q = \weight_mem[1125]).
Adding EN signal on $memory\weight_mem[1126]$3075 ($dff) from module bnn_top (D = \w_data, Q = \weight_mem[1126]).
Adding EN signal on $memory\weight_mem[1127]$3077 ($dff) from module bnn_top (D = \w_data, Q = \weight_mem[1127]).
Adding EN signal on $memory\weight_mem[1128]$3079 ($dff) from module bnn_top (D = \w_data, Q = \weight_mem[1128]).
Adding EN signal on $memory\weight_mem[1129]$3081 ($dff) from module bnn_top (D = \w_data, Q = \weight_mem[1129]).
Adding EN signal on $memory\weight_mem[1130]$3083 ($dff) from module bnn_top (D = \w_data, Q = \weight_mem[1130]).
Adding EN signal on $memory\weight_mem[1131]$3085 ($dff) from module bnn_top (D = \w_data, Q = \weight_mem[1131]).
Adding EN signal on $memory\weight_mem[1132]$3087 ($dff) from module bnn_top (D = \w_data, Q = \weight_mem[1132]).
Adding EN signal on $memory\weight_mem[1133]$3089 ($dff) from module bnn_top (D = \w_data, Q = \weight_mem[1133]).
Adding EN signal on $memory\weight_mem[1134]$3091 ($dff) from module bnn_top (D = \w_data, Q = \weight_mem[1134]).
Adding EN signal on $memory\weight_mem[1135]$3093 ($dff) from module bnn_top (D = \w_data, Q = \weight_mem[1135]).
Adding EN signal on $memory\weight_mem[1136]$3095 ($dff) from module bnn_top (D = \w_data, Q = \weight_mem[1136]).
Adding EN signal on $memory\weight_mem[1137]$3097 ($dff) from module bnn_top (D = \w_data, Q = \weight_mem[1137]).
Adding EN signal on $memory\weight_mem[1138]$3099 ($dff) from module bnn_top (D = \w_data, Q = \weight_mem[1138]).
Adding EN signal on $memory\weight_mem[1139]$3101 ($dff) from module bnn_top (D = \w_data, Q = \weight_mem[1139]).
Adding EN signal on $memory\weight_mem[1140]$3103 ($dff) from module bnn_top (D = \w_data, Q = \weight_mem[1140]).
Adding EN signal on $memory\weight_mem[1141]$3105 ($dff) from module bnn_top (D = \w_data, Q = \weight_mem[1141]).
Adding EN signal on $memory\weight_mem[1142]$3107 ($dff) from module bnn_top (D = \w_data, Q = \weight_mem[1142]).
Adding EN signal on $memory\weight_mem[1143]$3109 ($dff) from module bnn_top (D = \w_data, Q = \weight_mem[1143]).
Adding EN signal on $memory\weight_mem[1144]$3111 ($dff) from module bnn_top (D = \w_data, Q = \weight_mem[1144]).
Adding EN signal on $memory\weight_mem[1145]$3113 ($dff) from module bnn_top (D = \w_data, Q = \weight_mem[1145]).
Adding EN signal on $memory\weight_mem[1146]$3115 ($dff) from module bnn_top (D = \w_data, Q = \weight_mem[1146]).
Adding EN signal on $memory\weight_mem[1147]$3117 ($dff) from module bnn_top (D = \w_data, Q = \weight_mem[1147]).
Adding EN signal on $memory\weight_mem[1148]$3119 ($dff) from module bnn_top (D = \w_data, Q = \weight_mem[1148]).
Adding EN signal on $memory\weight_mem[1149]$3121 ($dff) from module bnn_top (D = \w_data, Q = \weight_mem[1149]).
Adding EN signal on $memory\weight_mem[1150]$3123 ($dff) from module bnn_top (D = \w_data, Q = \weight_mem[1150]).
Adding EN signal on $memory\weight_mem[1151]$3125 ($dff) from module bnn_top (D = \w_data, Q = \weight_mem[1151]).
Adding EN signal on $memory\weight_mem[1152]$3127 ($dff) from module bnn_top (D = \w_data, Q = \weight_mem[1152]).
Adding EN signal on $memory\weight_mem[1153]$3129 ($dff) from module bnn_top (D = \w_data, Q = \weight_mem[1153]).
Adding EN signal on $memory\weight_mem[1154]$3131 ($dff) from module bnn_top (D = \w_data, Q = \weight_mem[1154]).
Adding EN signal on $memory\weight_mem[1155]$3133 ($dff) from module bnn_top (D = \w_data, Q = \weight_mem[1155]).
Adding EN signal on $memory\weight_mem[1156]$3135 ($dff) from module bnn_top (D = \w_data, Q = \weight_mem[1156]).
Adding EN signal on $memory\weight_mem[1157]$3137 ($dff) from module bnn_top (D = \w_data, Q = \weight_mem[1157]).
Adding EN signal on $memory\weight_mem[1158]$3139 ($dff) from module bnn_top (D = \w_data, Q = \weight_mem[1158]).
Adding EN signal on $memory\weight_mem[1159]$3141 ($dff) from module bnn_top (D = \w_data, Q = \weight_mem[1159]).
Adding EN signal on $memory\weight_mem[1160]$3143 ($dff) from module bnn_top (D = \w_data, Q = \weight_mem[1160]).
Adding EN signal on $memory\weight_mem[1161]$3145 ($dff) from module bnn_top (D = \w_data, Q = \weight_mem[1161]).
Adding EN signal on $memory\weight_mem[1162]$3147 ($dff) from module bnn_top (D = \w_data, Q = \weight_mem[1162]).
Adding EN signal on $memory\weight_mem[1163]$3149 ($dff) from module bnn_top (D = \w_data, Q = \weight_mem[1163]).
Adding EN signal on $memory\weight_mem[1164]$3151 ($dff) from module bnn_top (D = \w_data, Q = \weight_mem[1164]).
Adding EN signal on $memory\weight_mem[1165]$3153 ($dff) from module bnn_top (D = \w_data, Q = \weight_mem[1165]).
Adding EN signal on $memory\weight_mem[1166]$3155 ($dff) from module bnn_top (D = \w_data, Q = \weight_mem[1166]).
Adding EN signal on $memory\weight_mem[1167]$3157 ($dff) from module bnn_top (D = \w_data, Q = \weight_mem[1167]).
Adding EN signal on $memory\weight_mem[1168]$3159 ($dff) from module bnn_top (D = \w_data, Q = \weight_mem[1168]).
Adding EN signal on $memory\weight_mem[1169]$3161 ($dff) from module bnn_top (D = \w_data, Q = \weight_mem[1169]).
Adding EN signal on $memory\weight_mem[1170]$3163 ($dff) from module bnn_top (D = \w_data, Q = \weight_mem[1170]).
Adding EN signal on $memory\weight_mem[1171]$3165 ($dff) from module bnn_top (D = \w_data, Q = \weight_mem[1171]).
Adding EN signal on $memory\weight_mem[1172]$3167 ($dff) from module bnn_top (D = \w_data, Q = \weight_mem[1172]).
Adding EN signal on $memory\weight_mem[1173]$3169 ($dff) from module bnn_top (D = \w_data, Q = \weight_mem[1173]).
Adding EN signal on $memory\weight_mem[1174]$3171 ($dff) from module bnn_top (D = \w_data, Q = \weight_mem[1174]).
Adding EN signal on $memory\weight_mem[1175]$3173 ($dff) from module bnn_top (D = \w_data, Q = \weight_mem[1175]).
Adding EN signal on $memory\weight_mem[1176]$3175 ($dff) from module bnn_top (D = \w_data, Q = \weight_mem[1176]).
Adding EN signal on $memory\weight_mem[1177]$3177 ($dff) from module bnn_top (D = \w_data, Q = \weight_mem[1177]).
Adding EN signal on $memory\weight_mem[1178]$3179 ($dff) from module bnn_top (D = \w_data, Q = \weight_mem[1178]).
Adding EN signal on $memory\weight_mem[1179]$3181 ($dff) from module bnn_top (D = \w_data, Q = \weight_mem[1179]).
Adding EN signal on $memory\weight_mem[1180]$3183 ($dff) from module bnn_top (D = \w_data, Q = \weight_mem[1180]).
Adding EN signal on $memory\weight_mem[1181]$3185 ($dff) from module bnn_top (D = \w_data, Q = \weight_mem[1181]).
Adding EN signal on $memory\weight_mem[1182]$3187 ($dff) from module bnn_top (D = \w_data, Q = \weight_mem[1182]).
Adding EN signal on $memory\weight_mem[1183]$3189 ($dff) from module bnn_top (D = \w_data, Q = \weight_mem[1183]).
Adding EN signal on $memory\weight_mem[1184]$3191 ($dff) from module bnn_top (D = \w_data, Q = \weight_mem[1184]).
Adding EN signal on $memory\weight_mem[1185]$3193 ($dff) from module bnn_top (D = \w_data, Q = \weight_mem[1185]).
Adding EN signal on $memory\weight_mem[1186]$3195 ($dff) from module bnn_top (D = \w_data, Q = \weight_mem[1186]).
Adding EN signal on $memory\weight_mem[1187]$3197 ($dff) from module bnn_top (D = \w_data, Q = \weight_mem[1187]).
Adding EN signal on $memory\weight_mem[1188]$3199 ($dff) from module bnn_top (D = \w_data, Q = \weight_mem[1188]).
Adding EN signal on $memory\weight_mem[1189]$3201 ($dff) from module bnn_top (D = \w_data, Q = \weight_mem[1189]).
Adding EN signal on $memory\weight_mem[1190]$3203 ($dff) from module bnn_top (D = \w_data, Q = \weight_mem[1190]).
Adding EN signal on $memory\weight_mem[1191]$3205 ($dff) from module bnn_top (D = \w_data, Q = \weight_mem[1191]).
Adding EN signal on $memory\weight_mem[1192]$3207 ($dff) from module bnn_top (D = \w_data, Q = \weight_mem[1192]).
Adding EN signal on $memory\weight_mem[1193]$3209 ($dff) from module bnn_top (D = \w_data, Q = \weight_mem[1193]).
Adding EN signal on $memory\weight_mem[1194]$3211 ($dff) from module bnn_top (D = \w_data, Q = \weight_mem[1194]).
Adding EN signal on $memory\weight_mem[1195]$3213 ($dff) from module bnn_top (D = \w_data, Q = \weight_mem[1195]).
Adding EN signal on $memory\weight_mem[1196]$3215 ($dff) from module bnn_top (D = \w_data, Q = \weight_mem[1196]).
Adding EN signal on $memory\weight_mem[1197]$3217 ($dff) from module bnn_top (D = \w_data, Q = \weight_mem[1197]).
Adding EN signal on $memory\weight_mem[1198]$3219 ($dff) from module bnn_top (D = \w_data, Q = \weight_mem[1198]).
Adding EN signal on $memory\weight_mem[1199]$3221 ($dff) from module bnn_top (D = \w_data, Q = \weight_mem[1199]).
Adding EN signal on $memory\weight_mem[1200]$3223 ($dff) from module bnn_top (D = \w_data, Q = \weight_mem[1200]).
Adding EN signal on $memory\weight_mem[1201]$3225 ($dff) from module bnn_top (D = \w_data, Q = \weight_mem[1201]).
Adding EN signal on $memory\weight_mem[1202]$3227 ($dff) from module bnn_top (D = \w_data, Q = \weight_mem[1202]).
Adding EN signal on $memory\weight_mem[1203]$3229 ($dff) from module bnn_top (D = \w_data, Q = \weight_mem[1203]).
Adding EN signal on $memory\weight_mem[1204]$3231 ($dff) from module bnn_top (D = \w_data, Q = \weight_mem[1204]).
Adding EN signal on $memory\weight_mem[1205]$3233 ($dff) from module bnn_top (D = \w_data, Q = \weight_mem[1205]).
Adding EN signal on $memory\weight_mem[1206]$3235 ($dff) from module bnn_top (D = \w_data, Q = \weight_mem[1206]).
Adding EN signal on $memory\weight_mem[1207]$3237 ($dff) from module bnn_top (D = \w_data, Q = \weight_mem[1207]).
Adding EN signal on $memory\weight_mem[1208]$3239 ($dff) from module bnn_top (D = \w_data, Q = \weight_mem[1208]).
Adding EN signal on $memory\weight_mem[1209]$3241 ($dff) from module bnn_top (D = \w_data, Q = \weight_mem[1209]).
Adding EN signal on $memory\weight_mem[1210]$3243 ($dff) from module bnn_top (D = \w_data, Q = \weight_mem[1210]).
Adding EN signal on $memory\weight_mem[1211]$3245 ($dff) from module bnn_top (D = \w_data, Q = \weight_mem[1211]).
Adding EN signal on $memory\weight_mem[1212]$3247 ($dff) from module bnn_top (D = \w_data, Q = \weight_mem[1212]).
Adding EN signal on $memory\weight_mem[1213]$3249 ($dff) from module bnn_top (D = \w_data, Q = \weight_mem[1213]).
Adding EN signal on $memory\weight_mem[1214]$3251 ($dff) from module bnn_top (D = \w_data, Q = \weight_mem[1214]).
Adding EN signal on $memory\weight_mem[1215]$3253 ($dff) from module bnn_top (D = \w_data, Q = \weight_mem[1215]).
Adding EN signal on $memory\weight_mem[1216]$3255 ($dff) from module bnn_top (D = \w_data, Q = \weight_mem[1216]).
Adding EN signal on $memory\weight_mem[1217]$3257 ($dff) from module bnn_top (D = \w_data, Q = \weight_mem[1217]).
Adding EN signal on $memory\weight_mem[1218]$3259 ($dff) from module bnn_top (D = \w_data, Q = \weight_mem[1218]).
Adding EN signal on $memory\weight_mem[1219]$3261 ($dff) from module bnn_top (D = \w_data, Q = \weight_mem[1219]).
Adding EN signal on $memory\weight_mem[1220]$3263 ($dff) from module bnn_top (D = \w_data, Q = \weight_mem[1220]).
Adding EN signal on $memory\weight_mem[1221]$3265 ($dff) from module bnn_top (D = \w_data, Q = \weight_mem[1221]).
Adding EN signal on $memory\weight_mem[1222]$3267 ($dff) from module bnn_top (D = \w_data, Q = \weight_mem[1222]).
Adding EN signal on $memory\weight_mem[1223]$3269 ($dff) from module bnn_top (D = \w_data, Q = \weight_mem[1223]).
Adding EN signal on $memory\weight_mem[1224]$3271 ($dff) from module bnn_top (D = \w_data, Q = \weight_mem[1224]).
Adding EN signal on $memory\weight_mem[1225]$3273 ($dff) from module bnn_top (D = \w_data, Q = \weight_mem[1225]).
Adding EN signal on $memory\weight_mem[1226]$3275 ($dff) from module bnn_top (D = \w_data, Q = \weight_mem[1226]).
Adding EN signal on $memory\weight_mem[1227]$3277 ($dff) from module bnn_top (D = \w_data, Q = \weight_mem[1227]).
Adding EN signal on $memory\weight_mem[1228]$3279 ($dff) from module bnn_top (D = \w_data, Q = \weight_mem[1228]).
Adding EN signal on $memory\weight_mem[1229]$3281 ($dff) from module bnn_top (D = \w_data, Q = \weight_mem[1229]).
Adding EN signal on $memory\weight_mem[1230]$3283 ($dff) from module bnn_top (D = \w_data, Q = \weight_mem[1230]).
Adding EN signal on $memory\weight_mem[1231]$3285 ($dff) from module bnn_top (D = \w_data, Q = \weight_mem[1231]).
Adding EN signal on $memory\weight_mem[1232]$3287 ($dff) from module bnn_top (D = \w_data, Q = \weight_mem[1232]).
Adding EN signal on $memory\weight_mem[1233]$3289 ($dff) from module bnn_top (D = \w_data, Q = \weight_mem[1233]).
Adding EN signal on $memory\weight_mem[1234]$3291 ($dff) from module bnn_top (D = \w_data, Q = \weight_mem[1234]).
Adding EN signal on $memory\weight_mem[1235]$3293 ($dff) from module bnn_top (D = \w_data, Q = \weight_mem[1235]).
Adding EN signal on $memory\weight_mem[1236]$3295 ($dff) from module bnn_top (D = \w_data, Q = \weight_mem[1236]).
Adding EN signal on $memory\weight_mem[1237]$3297 ($dff) from module bnn_top (D = \w_data, Q = \weight_mem[1237]).
Adding EN signal on $memory\weight_mem[1238]$3299 ($dff) from module bnn_top (D = \w_data, Q = \weight_mem[1238]).
Adding EN signal on $memory\weight_mem[1239]$3301 ($dff) from module bnn_top (D = \w_data, Q = \weight_mem[1239]).
Adding EN signal on $memory\weight_mem[1240]$3303 ($dff) from module bnn_top (D = \w_data, Q = \weight_mem[1240]).
Adding EN signal on $memory\weight_mem[1241]$3305 ($dff) from module bnn_top (D = \w_data, Q = \weight_mem[1241]).
Adding EN signal on $memory\weight_mem[1242]$3307 ($dff) from module bnn_top (D = \w_data, Q = \weight_mem[1242]).
Adding EN signal on $memory\weight_mem[1243]$3309 ($dff) from module bnn_top (D = \w_data, Q = \weight_mem[1243]).
Adding EN signal on $memory\weight_mem[1244]$3311 ($dff) from module bnn_top (D = \w_data, Q = \weight_mem[1244]).
Adding EN signal on $memory\weight_mem[1245]$3313 ($dff) from module bnn_top (D = \w_data, Q = \weight_mem[1245]).
Adding EN signal on $memory\weight_mem[1246]$3315 ($dff) from module bnn_top (D = \w_data, Q = \weight_mem[1246]).
Adding EN signal on $memory\weight_mem[1247]$3317 ($dff) from module bnn_top (D = \w_data, Q = \weight_mem[1247]).
Adding EN signal on $memory\weight_mem[1248]$3319 ($dff) from module bnn_top (D = \w_data, Q = \weight_mem[1248]).
Adding EN signal on $memory\weight_mem[1249]$3321 ($dff) from module bnn_top (D = \w_data, Q = \weight_mem[1249]).
Adding EN signal on $memory\weight_mem[1250]$3323 ($dff) from module bnn_top (D = \w_data, Q = \weight_mem[1250]).
Adding EN signal on $memory\weight_mem[1251]$3325 ($dff) from module bnn_top (D = \w_data, Q = \weight_mem[1251]).
Adding EN signal on $memory\weight_mem[1252]$3327 ($dff) from module bnn_top (D = \w_data, Q = \weight_mem[1252]).
Adding EN signal on $memory\weight_mem[1253]$3329 ($dff) from module bnn_top (D = \w_data, Q = \weight_mem[1253]).
Adding EN signal on $memory\weight_mem[1254]$3331 ($dff) from module bnn_top (D = \w_data, Q = \weight_mem[1254]).
Adding EN signal on $memory\weight_mem[1255]$3333 ($dff) from module bnn_top (D = \w_data, Q = \weight_mem[1255]).
Adding EN signal on $memory\weight_mem[1256]$3335 ($dff) from module bnn_top (D = \w_data, Q = \weight_mem[1256]).
Adding EN signal on $memory\weight_mem[1257]$3337 ($dff) from module bnn_top (D = \w_data, Q = \weight_mem[1257]).
Adding EN signal on $memory\weight_mem[1258]$3339 ($dff) from module bnn_top (D = \w_data, Q = \weight_mem[1258]).
Adding EN signal on $memory\weight_mem[1259]$3341 ($dff) from module bnn_top (D = \w_data, Q = \weight_mem[1259]).
Adding EN signal on $memory\weight_mem[1260]$3343 ($dff) from module bnn_top (D = \w_data, Q = \weight_mem[1260]).
Adding EN signal on $memory\weight_mem[1261]$3345 ($dff) from module bnn_top (D = \w_data, Q = \weight_mem[1261]).
Adding EN signal on $memory\weight_mem[1262]$3347 ($dff) from module bnn_top (D = \w_data, Q = \weight_mem[1262]).
Adding EN signal on $memory\weight_mem[1263]$3349 ($dff) from module bnn_top (D = \w_data, Q = \weight_mem[1263]).
Adding EN signal on $memory\weight_mem[1264]$3351 ($dff) from module bnn_top (D = \w_data, Q = \weight_mem[1264]).
Adding EN signal on $memory\weight_mem[1265]$3353 ($dff) from module bnn_top (D = \w_data, Q = \weight_mem[1265]).
Adding EN signal on $memory\weight_mem[1266]$3355 ($dff) from module bnn_top (D = \w_data, Q = \weight_mem[1266]).
Adding EN signal on $memory\weight_mem[1267]$3357 ($dff) from module bnn_top (D = \w_data, Q = \weight_mem[1267]).
Adding EN signal on $memory\weight_mem[1268]$3359 ($dff) from module bnn_top (D = \w_data, Q = \weight_mem[1268]).
Adding EN signal on $memory\weight_mem[1269]$3361 ($dff) from module bnn_top (D = \w_data, Q = \weight_mem[1269]).
Adding EN signal on $memory\weight_mem[1270]$3363 ($dff) from module bnn_top (D = \w_data, Q = \weight_mem[1270]).
Adding EN signal on $memory\weight_mem[1271]$3365 ($dff) from module bnn_top (D = \w_data, Q = \weight_mem[1271]).
Adding EN signal on $memory\weight_mem[1272]$3367 ($dff) from module bnn_top (D = \w_data, Q = \weight_mem[1272]).
Adding EN signal on $memory\weight_mem[1273]$3369 ($dff) from module bnn_top (D = \w_data, Q = \weight_mem[1273]).
Adding EN signal on $memory\weight_mem[1274]$3371 ($dff) from module bnn_top (D = \w_data, Q = \weight_mem[1274]).
Adding EN signal on $memory\weight_mem[1275]$3373 ($dff) from module bnn_top (D = \w_data, Q = \weight_mem[1275]).
Adding EN signal on $memory\weight_mem[1276]$3375 ($dff) from module bnn_top (D = \w_data, Q = \weight_mem[1276]).
Adding EN signal on $memory\weight_mem[1277]$3377 ($dff) from module bnn_top (D = \w_data, Q = \weight_mem[1277]).
Adding EN signal on $memory\weight_mem[1278]$3379 ($dff) from module bnn_top (D = \w_data, Q = \weight_mem[1278]).
Adding EN signal on $memory\weight_mem[1279]$3381 ($dff) from module bnn_top (D = \w_data, Q = \weight_mem[1279]).
Adding EN signal on $memory\weight_mem[1280]$3383 ($dff) from module bnn_top (D = \w_data, Q = \weight_mem[1280]).
Adding EN signal on $memory\weight_mem[1281]$3385 ($dff) from module bnn_top (D = \w_data, Q = \weight_mem[1281]).
Adding EN signal on $memory\weight_mem[1282]$3387 ($dff) from module bnn_top (D = \w_data, Q = \weight_mem[1282]).
Adding EN signal on $memory\weight_mem[1283]$3389 ($dff) from module bnn_top (D = \w_data, Q = \weight_mem[1283]).
Adding EN signal on $memory\weight_mem[1284]$3391 ($dff) from module bnn_top (D = \w_data, Q = \weight_mem[1284]).
Adding EN signal on $memory\weight_mem[1285]$3393 ($dff) from module bnn_top (D = \w_data, Q = \weight_mem[1285]).
Adding EN signal on $memory\weight_mem[1286]$3395 ($dff) from module bnn_top (D = \w_data, Q = \weight_mem[1286]).
Adding EN signal on $memory\weight_mem[1287]$3397 ($dff) from module bnn_top (D = \w_data, Q = \weight_mem[1287]).
Adding EN signal on $memory\weight_mem[1288]$3399 ($dff) from module bnn_top (D = \w_data, Q = \weight_mem[1288]).
Adding EN signal on $memory\weight_mem[1289]$3401 ($dff) from module bnn_top (D = \w_data, Q = \weight_mem[1289]).
Adding EN signal on $memory\weight_mem[1290]$3403 ($dff) from module bnn_top (D = \w_data, Q = \weight_mem[1290]).
Adding EN signal on $memory\weight_mem[1291]$3405 ($dff) from module bnn_top (D = \w_data, Q = \weight_mem[1291]).
Adding EN signal on $memory\weight_mem[1292]$3407 ($dff) from module bnn_top (D = \w_data, Q = \weight_mem[1292]).
Adding EN signal on $memory\weight_mem[1293]$3409 ($dff) from module bnn_top (D = \w_data, Q = \weight_mem[1293]).
Adding EN signal on $memory\weight_mem[1294]$3411 ($dff) from module bnn_top (D = \w_data, Q = \weight_mem[1294]).
Adding EN signal on $memory\weight_mem[1295]$3413 ($dff) from module bnn_top (D = \w_data, Q = \weight_mem[1295]).
Adding EN signal on $memory\weight_mem[1296]$3415 ($dff) from module bnn_top (D = \w_data, Q = \weight_mem[1296]).
Adding EN signal on $memory\weight_mem[1297]$3417 ($dff) from module bnn_top (D = \w_data, Q = \weight_mem[1297]).
Adding EN signal on $memory\weight_mem[1298]$3419 ($dff) from module bnn_top (D = \w_data, Q = \weight_mem[1298]).
Adding EN signal on $memory\weight_mem[1299]$3421 ($dff) from module bnn_top (D = \w_data, Q = \weight_mem[1299]).
Adding EN signal on $memory\weight_mem[1300]$3423 ($dff) from module bnn_top (D = \w_data, Q = \weight_mem[1300]).
Adding EN signal on $memory\weight_mem[1301]$3425 ($dff) from module bnn_top (D = \w_data, Q = \weight_mem[1301]).
Adding EN signal on $memory\weight_mem[1302]$3427 ($dff) from module bnn_top (D = \w_data, Q = \weight_mem[1302]).
Adding EN signal on $memory\weight_mem[1303]$3429 ($dff) from module bnn_top (D = \w_data, Q = \weight_mem[1303]).
Adding EN signal on $memory\weight_mem[1304]$3431 ($dff) from module bnn_top (D = \w_data, Q = \weight_mem[1304]).
Adding EN signal on $memory\weight_mem[1305]$3433 ($dff) from module bnn_top (D = \w_data, Q = \weight_mem[1305]).
Adding EN signal on $memory\weight_mem[1306]$3435 ($dff) from module bnn_top (D = \w_data, Q = \weight_mem[1306]).
Adding EN signal on $memory\weight_mem[1307]$3437 ($dff) from module bnn_top (D = \w_data, Q = \weight_mem[1307]).
Adding EN signal on $memory\weight_mem[1308]$3439 ($dff) from module bnn_top (D = \w_data, Q = \weight_mem[1308]).
Adding EN signal on $memory\weight_mem[1309]$3441 ($dff) from module bnn_top (D = \w_data, Q = \weight_mem[1309]).
Adding EN signal on $memory\weight_mem[1310]$3443 ($dff) from module bnn_top (D = \w_data, Q = \weight_mem[1310]).
Adding EN signal on $memory\weight_mem[1311]$3445 ($dff) from module bnn_top (D = \w_data, Q = \weight_mem[1311]).
Adding EN signal on $memory\weight_mem[1312]$3447 ($dff) from module bnn_top (D = \w_data, Q = \weight_mem[1312]).
Adding EN signal on $memory\weight_mem[1313]$3449 ($dff) from module bnn_top (D = \w_data, Q = \weight_mem[1313]).
Adding EN signal on $memory\weight_mem[1314]$3451 ($dff) from module bnn_top (D = \w_data, Q = \weight_mem[1314]).
Adding EN signal on $memory\weight_mem[1315]$3453 ($dff) from module bnn_top (D = \w_data, Q = \weight_mem[1315]).
Adding EN signal on $memory\weight_mem[1316]$3455 ($dff) from module bnn_top (D = \w_data, Q = \weight_mem[1316]).
Adding EN signal on $memory\weight_mem[1317]$3457 ($dff) from module bnn_top (D = \w_data, Q = \weight_mem[1317]).
Adding EN signal on $memory\weight_mem[1318]$3459 ($dff) from module bnn_top (D = \w_data, Q = \weight_mem[1318]).
Adding EN signal on $memory\weight_mem[1319]$3461 ($dff) from module bnn_top (D = \w_data, Q = \weight_mem[1319]).
Adding EN signal on $memory\weight_mem[1320]$3463 ($dff) from module bnn_top (D = \w_data, Q = \weight_mem[1320]).
Adding EN signal on $memory\weight_mem[1321]$3465 ($dff) from module bnn_top (D = \w_data, Q = \weight_mem[1321]).
Adding EN signal on $memory\weight_mem[1322]$3467 ($dff) from module bnn_top (D = \w_data, Q = \weight_mem[1322]).
Adding EN signal on $memory\weight_mem[1323]$3469 ($dff) from module bnn_top (D = \w_data, Q = \weight_mem[1323]).
Adding EN signal on $memory\weight_mem[1324]$3471 ($dff) from module bnn_top (D = \w_data, Q = \weight_mem[1324]).
Adding EN signal on $memory\weight_mem[1325]$3473 ($dff) from module bnn_top (D = \w_data, Q = \weight_mem[1325]).
Adding EN signal on $memory\weight_mem[1326]$3475 ($dff) from module bnn_top (D = \w_data, Q = \weight_mem[1326]).
Adding EN signal on $memory\weight_mem[1327]$3477 ($dff) from module bnn_top (D = \w_data, Q = \weight_mem[1327]).
Adding EN signal on $memory\weight_mem[1328]$3479 ($dff) from module bnn_top (D = \w_data, Q = \weight_mem[1328]).
Adding EN signal on $memory\weight_mem[1329]$3481 ($dff) from module bnn_top (D = \w_data, Q = \weight_mem[1329]).
Adding EN signal on $memory\weight_mem[1330]$3483 ($dff) from module bnn_top (D = \w_data, Q = \weight_mem[1330]).
Adding EN signal on $memory\weight_mem[1331]$3485 ($dff) from module bnn_top (D = \w_data, Q = \weight_mem[1331]).
Adding EN signal on $memory\weight_mem[1332]$3487 ($dff) from module bnn_top (D = \w_data, Q = \weight_mem[1332]).
Adding EN signal on $memory\weight_mem[1333]$3489 ($dff) from module bnn_top (D = \w_data, Q = \weight_mem[1333]).
Adding EN signal on $memory\weight_mem[1334]$3491 ($dff) from module bnn_top (D = \w_data, Q = \weight_mem[1334]).
Adding EN signal on $memory\weight_mem[1335]$3493 ($dff) from module bnn_top (D = \w_data, Q = \weight_mem[1335]).
Adding EN signal on $memory\weight_mem[1336]$3495 ($dff) from module bnn_top (D = \w_data, Q = \weight_mem[1336]).
Adding EN signal on $memory\weight_mem[1337]$3497 ($dff) from module bnn_top (D = \w_data, Q = \weight_mem[1337]).
Adding EN signal on $memory\weight_mem[1338]$3499 ($dff) from module bnn_top (D = \w_data, Q = \weight_mem[1338]).
Adding EN signal on $memory\weight_mem[1339]$3501 ($dff) from module bnn_top (D = \w_data, Q = \weight_mem[1339]).
Adding EN signal on $memory\weight_mem[1340]$3503 ($dff) from module bnn_top (D = \w_data, Q = \weight_mem[1340]).
Adding EN signal on $memory\weight_mem[1341]$3505 ($dff) from module bnn_top (D = \w_data, Q = \weight_mem[1341]).
Adding EN signal on $memory\weight_mem[1342]$3507 ($dff) from module bnn_top (D = \w_data, Q = \weight_mem[1342]).
Adding EN signal on $memory\weight_mem[1343]$3509 ($dff) from module bnn_top (D = \w_data, Q = \weight_mem[1343]).
Adding EN signal on $memory\weight_mem[1344]$3511 ($dff) from module bnn_top (D = \w_data, Q = \weight_mem[1344]).
Adding EN signal on $memory\weight_mem[1345]$3513 ($dff) from module bnn_top (D = \w_data, Q = \weight_mem[1345]).
Adding EN signal on $memory\weight_mem[1346]$3515 ($dff) from module bnn_top (D = \w_data, Q = \weight_mem[1346]).
Adding EN signal on $memory\weight_mem[1347]$3517 ($dff) from module bnn_top (D = \w_data, Q = \weight_mem[1347]).
Adding EN signal on $memory\weight_mem[1348]$3519 ($dff) from module bnn_top (D = \w_data, Q = \weight_mem[1348]).
Adding EN signal on $memory\weight_mem[1349]$3521 ($dff) from module bnn_top (D = \w_data, Q = \weight_mem[1349]).
Adding EN signal on $memory\weight_mem[1350]$3523 ($dff) from module bnn_top (D = \w_data, Q = \weight_mem[1350]).
Adding EN signal on $memory\weight_mem[1351]$3525 ($dff) from module bnn_top (D = \w_data, Q = \weight_mem[1351]).
Adding EN signal on $memory\weight_mem[1352]$3527 ($dff) from module bnn_top (D = \w_data, Q = \weight_mem[1352]).
Adding EN signal on $memory\weight_mem[1353]$3529 ($dff) from module bnn_top (D = \w_data, Q = \weight_mem[1353]).
Adding EN signal on $memory\weight_mem[1354]$3531 ($dff) from module bnn_top (D = \w_data, Q = \weight_mem[1354]).
Adding EN signal on $memory\weight_mem[1355]$3533 ($dff) from module bnn_top (D = \w_data, Q = \weight_mem[1355]).
Adding EN signal on $memory\weight_mem[1356]$3535 ($dff) from module bnn_top (D = \w_data, Q = \weight_mem[1356]).
Adding EN signal on $memory\weight_mem[1357]$3537 ($dff) from module bnn_top (D = \w_data, Q = \weight_mem[1357]).
Adding EN signal on $memory\weight_mem[1358]$3539 ($dff) from module bnn_top (D = \w_data, Q = \weight_mem[1358]).
Adding EN signal on $memory\weight_mem[1359]$3541 ($dff) from module bnn_top (D = \w_data, Q = \weight_mem[1359]).
Adding EN signal on $memory\weight_mem[1360]$3543 ($dff) from module bnn_top (D = \w_data, Q = \weight_mem[1360]).
Adding EN signal on $memory\weight_mem[1361]$3545 ($dff) from module bnn_top (D = \w_data, Q = \weight_mem[1361]).
Adding EN signal on $memory\weight_mem[1362]$3547 ($dff) from module bnn_top (D = \w_data, Q = \weight_mem[1362]).
Adding EN signal on $memory\weight_mem[1363]$3549 ($dff) from module bnn_top (D = \w_data, Q = \weight_mem[1363]).
Adding EN signal on $memory\weight_mem[1364]$3551 ($dff) from module bnn_top (D = \w_data, Q = \weight_mem[1364]).
Adding EN signal on $memory\weight_mem[1365]$3553 ($dff) from module bnn_top (D = \w_data, Q = \weight_mem[1365]).
Adding EN signal on $memory\weight_mem[1366]$3555 ($dff) from module bnn_top (D = \w_data, Q = \weight_mem[1366]).
Adding EN signal on $memory\weight_mem[1367]$3557 ($dff) from module bnn_top (D = \w_data, Q = \weight_mem[1367]).
Adding EN signal on $memory\weight_mem[1368]$3559 ($dff) from module bnn_top (D = \w_data, Q = \weight_mem[1368]).
Adding EN signal on $memory\weight_mem[1369]$3561 ($dff) from module bnn_top (D = \w_data, Q = \weight_mem[1369]).
Adding EN signal on $memory\weight_mem[1370]$3563 ($dff) from module bnn_top (D = \w_data, Q = \weight_mem[1370]).
Adding EN signal on $memory\weight_mem[1371]$3565 ($dff) from module bnn_top (D = \w_data, Q = \weight_mem[1371]).
Adding EN signal on $memory\weight_mem[1372]$3567 ($dff) from module bnn_top (D = \w_data, Q = \weight_mem[1372]).
Adding EN signal on $memory\weight_mem[1373]$3569 ($dff) from module bnn_top (D = \w_data, Q = \weight_mem[1373]).
Adding EN signal on $memory\weight_mem[1374]$3571 ($dff) from module bnn_top (D = \w_data, Q = \weight_mem[1374]).
Adding EN signal on $memory\weight_mem[1375]$3573 ($dff) from module bnn_top (D = \w_data, Q = \weight_mem[1375]).
Adding EN signal on $memory\weight_mem[1376]$3575 ($dff) from module bnn_top (D = \w_data, Q = \weight_mem[1376]).
Adding EN signal on $memory\weight_mem[1377]$3577 ($dff) from module bnn_top (D = \w_data, Q = \weight_mem[1377]).
Adding EN signal on $memory\weight_mem[1378]$3579 ($dff) from module bnn_top (D = \w_data, Q = \weight_mem[1378]).
Adding EN signal on $memory\weight_mem[1379]$3581 ($dff) from module bnn_top (D = \w_data, Q = \weight_mem[1379]).
Adding EN signal on $memory\weight_mem[1380]$3583 ($dff) from module bnn_top (D = \w_data, Q = \weight_mem[1380]).
Adding EN signal on $memory\weight_mem[1381]$3585 ($dff) from module bnn_top (D = \w_data, Q = \weight_mem[1381]).
Adding EN signal on $memory\weight_mem[1382]$3587 ($dff) from module bnn_top (D = \w_data, Q = \weight_mem[1382]).
Adding EN signal on $memory\weight_mem[1383]$3589 ($dff) from module bnn_top (D = \w_data, Q = \weight_mem[1383]).
Adding EN signal on $memory\weight_mem[1384]$3591 ($dff) from module bnn_top (D = \w_data, Q = \weight_mem[1384]).
Adding EN signal on $memory\weight_mem[1385]$3593 ($dff) from module bnn_top (D = \w_data, Q = \weight_mem[1385]).
Adding EN signal on $memory\weight_mem[1386]$3595 ($dff) from module bnn_top (D = \w_data, Q = \weight_mem[1386]).
Adding EN signal on $memory\weight_mem[1387]$3597 ($dff) from module bnn_top (D = \w_data, Q = \weight_mem[1387]).
Adding EN signal on $memory\weight_mem[1388]$3599 ($dff) from module bnn_top (D = \w_data, Q = \weight_mem[1388]).
Adding EN signal on $memory\weight_mem[1389]$3601 ($dff) from module bnn_top (D = \w_data, Q = \weight_mem[1389]).
Adding EN signal on $memory\weight_mem[1390]$3603 ($dff) from module bnn_top (D = \w_data, Q = \weight_mem[1390]).
Adding EN signal on $memory\weight_mem[1391]$3605 ($dff) from module bnn_top (D = \w_data, Q = \weight_mem[1391]).
Adding EN signal on $memory\weight_mem[1392]$3607 ($dff) from module bnn_top (D = \w_data, Q = \weight_mem[1392]).
Adding EN signal on $memory\weight_mem[1393]$3609 ($dff) from module bnn_top (D = \w_data, Q = \weight_mem[1393]).
Adding EN signal on $memory\weight_mem[1394]$3611 ($dff) from module bnn_top (D = \w_data, Q = \weight_mem[1394]).
Adding EN signal on $memory\weight_mem[1395]$3613 ($dff) from module bnn_top (D = \w_data, Q = \weight_mem[1395]).
Adding EN signal on $memory\weight_mem[1396]$3615 ($dff) from module bnn_top (D = \w_data, Q = \weight_mem[1396]).
Adding EN signal on $memory\weight_mem[1397]$3617 ($dff) from module bnn_top (D = \w_data, Q = \weight_mem[1397]).
Adding EN signal on $memory\weight_mem[1398]$3619 ($dff) from module bnn_top (D = \w_data, Q = \weight_mem[1398]).
Adding EN signal on $memory\weight_mem[1399]$3621 ($dff) from module bnn_top (D = \w_data, Q = \weight_mem[1399]).
Adding EN signal on $memory\weight_mem[1400]$3623 ($dff) from module bnn_top (D = \w_data, Q = \weight_mem[1400]).
Adding EN signal on $memory\weight_mem[1401]$3625 ($dff) from module bnn_top (D = \w_data, Q = \weight_mem[1401]).
Adding EN signal on $memory\weight_mem[1402]$3627 ($dff) from module bnn_top (D = \w_data, Q = \weight_mem[1402]).
Adding EN signal on $memory\weight_mem[1403]$3629 ($dff) from module bnn_top (D = \w_data, Q = \weight_mem[1403]).
Adding EN signal on $memory\weight_mem[1404]$3631 ($dff) from module bnn_top (D = \w_data, Q = \weight_mem[1404]).
Adding EN signal on $memory\weight_mem[1405]$3633 ($dff) from module bnn_top (D = \w_data, Q = \weight_mem[1405]).
Adding EN signal on $memory\weight_mem[1406]$3635 ($dff) from module bnn_top (D = \w_data, Q = \weight_mem[1406]).
Adding EN signal on $memory\weight_mem[1407]$3637 ($dff) from module bnn_top (D = \w_data, Q = \weight_mem[1407]).
Adding EN signal on $memory\weight_mem[1408]$3639 ($dff) from module bnn_top (D = \w_data, Q = \weight_mem[1408]).
Adding EN signal on $memory\weight_mem[1409]$3641 ($dff) from module bnn_top (D = \w_data, Q = \weight_mem[1409]).
Adding EN signal on $memory\weight_mem[1410]$3643 ($dff) from module bnn_top (D = \w_data, Q = \weight_mem[1410]).
Adding EN signal on $memory\weight_mem[1411]$3645 ($dff) from module bnn_top (D = \w_data, Q = \weight_mem[1411]).
Adding EN signal on $memory\weight_mem[1412]$3647 ($dff) from module bnn_top (D = \w_data, Q = \weight_mem[1412]).
Adding EN signal on $memory\weight_mem[1413]$3649 ($dff) from module bnn_top (D = \w_data, Q = \weight_mem[1413]).
Adding EN signal on $memory\weight_mem[1414]$3651 ($dff) from module bnn_top (D = \w_data, Q = \weight_mem[1414]).
Adding EN signal on $memory\weight_mem[1415]$3653 ($dff) from module bnn_top (D = \w_data, Q = \weight_mem[1415]).
Adding EN signal on $memory\weight_mem[1416]$3655 ($dff) from module bnn_top (D = \w_data, Q = \weight_mem[1416]).
Adding EN signal on $memory\weight_mem[1417]$3657 ($dff) from module bnn_top (D = \w_data, Q = \weight_mem[1417]).
Adding EN signal on $memory\weight_mem[1418]$3659 ($dff) from module bnn_top (D = \w_data, Q = \weight_mem[1418]).
Adding EN signal on $memory\weight_mem[1419]$3661 ($dff) from module bnn_top (D = \w_data, Q = \weight_mem[1419]).
Adding EN signal on $memory\weight_mem[1420]$3663 ($dff) from module bnn_top (D = \w_data, Q = \weight_mem[1420]).
Adding EN signal on $memory\weight_mem[1421]$3665 ($dff) from module bnn_top (D = \w_data, Q = \weight_mem[1421]).
Adding EN signal on $memory\weight_mem[1422]$3667 ($dff) from module bnn_top (D = \w_data, Q = \weight_mem[1422]).
Adding EN signal on $memory\weight_mem[1423]$3669 ($dff) from module bnn_top (D = \w_data, Q = \weight_mem[1423]).
Adding EN signal on $memory\weight_mem[1424]$3671 ($dff) from module bnn_top (D = \w_data, Q = \weight_mem[1424]).
Adding EN signal on $memory\weight_mem[1425]$3673 ($dff) from module bnn_top (D = \w_data, Q = \weight_mem[1425]).
Adding EN signal on $memory\weight_mem[1426]$3675 ($dff) from module bnn_top (D = \w_data, Q = \weight_mem[1426]).
Adding EN signal on $memory\weight_mem[1427]$3677 ($dff) from module bnn_top (D = \w_data, Q = \weight_mem[1427]).
Adding EN signal on $memory\weight_mem[1428]$3679 ($dff) from module bnn_top (D = \w_data, Q = \weight_mem[1428]).
Adding EN signal on $memory\weight_mem[1429]$3681 ($dff) from module bnn_top (D = \w_data, Q = \weight_mem[1429]).
Adding EN signal on $memory\weight_mem[1430]$3683 ($dff) from module bnn_top (D = \w_data, Q = \weight_mem[1430]).
Adding EN signal on $memory\weight_mem[1431]$3685 ($dff) from module bnn_top (D = \w_data, Q = \weight_mem[1431]).
Adding EN signal on $memory\weight_mem[1432]$3687 ($dff) from module bnn_top (D = \w_data, Q = \weight_mem[1432]).
Adding EN signal on $memory\weight_mem[1433]$3689 ($dff) from module bnn_top (D = \w_data, Q = \weight_mem[1433]).
Adding EN signal on $memory\weight_mem[1434]$3691 ($dff) from module bnn_top (D = \w_data, Q = \weight_mem[1434]).
Adding EN signal on $memory\weight_mem[1435]$3693 ($dff) from module bnn_top (D = \w_data, Q = \weight_mem[1435]).
Adding EN signal on $memory\weight_mem[1436]$3695 ($dff) from module bnn_top (D = \w_data, Q = \weight_mem[1436]).
Adding EN signal on $memory\weight_mem[1437]$3697 ($dff) from module bnn_top (D = \w_data, Q = \weight_mem[1437]).
Adding EN signal on $memory\weight_mem[1438]$3699 ($dff) from module bnn_top (D = \w_data, Q = \weight_mem[1438]).
Adding EN signal on $memory\weight_mem[1439]$3701 ($dff) from module bnn_top (D = \w_data, Q = \weight_mem[1439]).
Adding EN signal on $memory\weight_mem[1440]$3703 ($dff) from module bnn_top (D = \w_data, Q = \weight_mem[1440]).
Adding EN signal on $memory\weight_mem[1441]$3705 ($dff) from module bnn_top (D = \w_data, Q = \weight_mem[1441]).
Adding EN signal on $memory\weight_mem[1442]$3707 ($dff) from module bnn_top (D = \w_data, Q = \weight_mem[1442]).
Adding EN signal on $memory\weight_mem[1443]$3709 ($dff) from module bnn_top (D = \w_data, Q = \weight_mem[1443]).
Adding EN signal on $memory\weight_mem[1444]$3711 ($dff) from module bnn_top (D = \w_data, Q = \weight_mem[1444]).
Adding EN signal on $memory\weight_mem[1445]$3713 ($dff) from module bnn_top (D = \w_data, Q = \weight_mem[1445]).
Adding EN signal on $memory\weight_mem[1446]$3715 ($dff) from module bnn_top (D = \w_data, Q = \weight_mem[1446]).
Adding EN signal on $memory\weight_mem[1447]$3717 ($dff) from module bnn_top (D = \w_data, Q = \weight_mem[1447]).
Adding EN signal on $memory\weight_mem[1448]$3719 ($dff) from module bnn_top (D = \w_data, Q = \weight_mem[1448]).
Adding EN signal on $memory\weight_mem[1449]$3721 ($dff) from module bnn_top (D = \w_data, Q = \weight_mem[1449]).
Adding EN signal on $memory\weight_mem[1450]$3723 ($dff) from module bnn_top (D = \w_data, Q = \weight_mem[1450]).
Adding EN signal on $memory\weight_mem[1451]$3725 ($dff) from module bnn_top (D = \w_data, Q = \weight_mem[1451]).
Adding EN signal on $memory\weight_mem[1452]$3727 ($dff) from module bnn_top (D = \w_data, Q = \weight_mem[1452]).
Adding EN signal on $memory\weight_mem[1453]$3729 ($dff) from module bnn_top (D = \w_data, Q = \weight_mem[1453]).
Adding EN signal on $memory\weight_mem[1454]$3731 ($dff) from module bnn_top (D = \w_data, Q = \weight_mem[1454]).
Adding EN signal on $memory\weight_mem[1455]$3733 ($dff) from module bnn_top (D = \w_data, Q = \weight_mem[1455]).
Adding EN signal on $memory\weight_mem[1456]$3735 ($dff) from module bnn_top (D = \w_data, Q = \weight_mem[1456]).
Adding EN signal on $memory\weight_mem[1457]$3737 ($dff) from module bnn_top (D = \w_data, Q = \weight_mem[1457]).
Adding EN signal on $memory\weight_mem[1458]$3739 ($dff) from module bnn_top (D = \w_data, Q = \weight_mem[1458]).
Adding EN signal on $memory\weight_mem[1459]$3741 ($dff) from module bnn_top (D = \w_data, Q = \weight_mem[1459]).
Adding EN signal on $memory\weight_mem[1460]$3743 ($dff) from module bnn_top (D = \w_data, Q = \weight_mem[1460]).
Adding EN signal on $memory\weight_mem[1461]$3745 ($dff) from module bnn_top (D = \w_data, Q = \weight_mem[1461]).
Adding EN signal on $memory\weight_mem[1462]$3747 ($dff) from module bnn_top (D = \w_data, Q = \weight_mem[1462]).
Adding EN signal on $memory\weight_mem[1463]$3749 ($dff) from module bnn_top (D = \w_data, Q = \weight_mem[1463]).
Adding EN signal on $memory\weight_mem[1464]$3751 ($dff) from module bnn_top (D = \w_data, Q = \weight_mem[1464]).
Adding EN signal on $memory\weight_mem[1465]$3753 ($dff) from module bnn_top (D = \w_data, Q = \weight_mem[1465]).
Adding EN signal on $memory\weight_mem[1466]$3755 ($dff) from module bnn_top (D = \w_data, Q = \weight_mem[1466]).
Adding EN signal on $memory\weight_mem[1467]$3757 ($dff) from module bnn_top (D = \w_data, Q = \weight_mem[1467]).
Adding EN signal on $memory\weight_mem[1468]$3759 ($dff) from module bnn_top (D = \w_data, Q = \weight_mem[1468]).
Adding EN signal on $memory\weight_mem[1469]$3761 ($dff) from module bnn_top (D = \w_data, Q = \weight_mem[1469]).
Adding EN signal on $memory\weight_mem[1470]$3763 ($dff) from module bnn_top (D = \w_data, Q = \weight_mem[1470]).
Adding EN signal on $memory\weight_mem[1471]$3765 ($dff) from module bnn_top (D = \w_data, Q = \weight_mem[1471]).
Adding EN signal on $memory\weight_mem[1472]$3767 ($dff) from module bnn_top (D = \w_data, Q = \weight_mem[1472]).
Adding EN signal on $memory\weight_mem[1473]$3769 ($dff) from module bnn_top (D = \w_data, Q = \weight_mem[1473]).
Adding EN signal on $memory\weight_mem[1474]$3771 ($dff) from module bnn_top (D = \w_data, Q = \weight_mem[1474]).
Adding EN signal on $memory\weight_mem[1475]$3773 ($dff) from module bnn_top (D = \w_data, Q = \weight_mem[1475]).
Adding EN signal on $memory\weight_mem[1476]$3775 ($dff) from module bnn_top (D = \w_data, Q = \weight_mem[1476]).
Adding EN signal on $memory\weight_mem[1477]$3777 ($dff) from module bnn_top (D = \w_data, Q = \weight_mem[1477]).
Adding EN signal on $memory\weight_mem[1478]$3779 ($dff) from module bnn_top (D = \w_data, Q = \weight_mem[1478]).
Adding EN signal on $memory\weight_mem[1479]$3781 ($dff) from module bnn_top (D = \w_data, Q = \weight_mem[1479]).
Adding EN signal on $memory\weight_mem[1480]$3783 ($dff) from module bnn_top (D = \w_data, Q = \weight_mem[1480]).
Adding EN signal on $memory\weight_mem[1481]$3785 ($dff) from module bnn_top (D = \w_data, Q = \weight_mem[1481]).
Adding EN signal on $memory\weight_mem[1482]$3787 ($dff) from module bnn_top (D = \w_data, Q = \weight_mem[1482]).
Adding EN signal on $memory\weight_mem[1483]$3789 ($dff) from module bnn_top (D = \w_data, Q = \weight_mem[1483]).
Adding EN signal on $memory\weight_mem[1484]$3791 ($dff) from module bnn_top (D = \w_data, Q = \weight_mem[1484]).
Adding EN signal on $memory\weight_mem[1485]$3793 ($dff) from module bnn_top (D = \w_data, Q = \weight_mem[1485]).
Adding EN signal on $memory\weight_mem[1486]$3795 ($dff) from module bnn_top (D = \w_data, Q = \weight_mem[1486]).
Adding EN signal on $memory\weight_mem[1487]$3797 ($dff) from module bnn_top (D = \w_data, Q = \weight_mem[1487]).
Adding EN signal on $memory\weight_mem[1488]$3799 ($dff) from module bnn_top (D = \w_data, Q = \weight_mem[1488]).
Adding EN signal on $memory\weight_mem[1489]$3801 ($dff) from module bnn_top (D = \w_data, Q = \weight_mem[1489]).
Adding EN signal on $memory\weight_mem[1490]$3803 ($dff) from module bnn_top (D = \w_data, Q = \weight_mem[1490]).
Adding EN signal on $memory\weight_mem[1491]$3805 ($dff) from module bnn_top (D = \w_data, Q = \weight_mem[1491]).
Adding EN signal on $memory\weight_mem[1492]$3807 ($dff) from module bnn_top (D = \w_data, Q = \weight_mem[1492]).
Adding EN signal on $memory\weight_mem[1493]$3809 ($dff) from module bnn_top (D = \w_data, Q = \weight_mem[1493]).
Adding EN signal on $memory\weight_mem[1494]$3811 ($dff) from module bnn_top (D = \w_data, Q = \weight_mem[1494]).
Adding EN signal on $memory\weight_mem[1495]$3813 ($dff) from module bnn_top (D = \w_data, Q = \weight_mem[1495]).
Adding EN signal on $memory\weight_mem[1496]$3815 ($dff) from module bnn_top (D = \w_data, Q = \weight_mem[1496]).
Adding EN signal on $memory\weight_mem[1497]$3817 ($dff) from module bnn_top (D = \w_data, Q = \weight_mem[1497]).
Adding EN signal on $memory\weight_mem[1498]$3819 ($dff) from module bnn_top (D = \w_data, Q = \weight_mem[1498]).
Adding EN signal on $memory\weight_mem[1499]$3821 ($dff) from module bnn_top (D = \w_data, Q = \weight_mem[1499]).
Adding EN signal on $memory\weight_mem[1500]$3823 ($dff) from module bnn_top (D = \w_data, Q = \weight_mem[1500]).
Adding EN signal on $memory\weight_mem[1501]$3825 ($dff) from module bnn_top (D = \w_data, Q = \weight_mem[1501]).
Adding EN signal on $memory\weight_mem[1502]$3827 ($dff) from module bnn_top (D = \w_data, Q = \weight_mem[1502]).
Adding EN signal on $memory\weight_mem[1503]$3829 ($dff) from module bnn_top (D = \w_data, Q = \weight_mem[1503]).
Adding EN signal on $memory\weight_mem[1504]$3831 ($dff) from module bnn_top (D = \w_data, Q = \weight_mem[1504]).
Adding EN signal on $memory\weight_mem[1505]$3833 ($dff) from module bnn_top (D = \w_data, Q = \weight_mem[1505]).
Adding EN signal on $memory\weight_mem[1506]$3835 ($dff) from module bnn_top (D = \w_data, Q = \weight_mem[1506]).
Adding EN signal on $memory\weight_mem[1507]$3837 ($dff) from module bnn_top (D = \w_data, Q = \weight_mem[1507]).
Adding EN signal on $memory\weight_mem[1508]$3839 ($dff) from module bnn_top (D = \w_data, Q = \weight_mem[1508]).
Adding EN signal on $memory\weight_mem[1509]$3841 ($dff) from module bnn_top (D = \w_data, Q = \weight_mem[1509]).
Adding EN signal on $memory\weight_mem[1510]$3843 ($dff) from module bnn_top (D = \w_data, Q = \weight_mem[1510]).
Adding EN signal on $memory\weight_mem[1511]$3845 ($dff) from module bnn_top (D = \w_data, Q = \weight_mem[1511]).
Setting constant 0-bit at position 0 on $auto$ff.cc:337:slice$744 ($sdffe) from module bnn_top.

5.20.16. Executing OPT_CLEAN pass (remove unused cells and wires).
Finding unused cells or wires in module \bnn_top..
Removed 1512 unused cells and 1515 unused wires.
<suppressed ~1513 debug messages>

5.20.17. Executing OPT_EXPR pass (perform const folding).
Optimizing module bnn_top.

5.20.18. Rerunning OPT passes. (Maybe there is more to do..)

5.20.19. Executing OPT_MUXTREE pass (detect dead branches in mux trees).
Running muxtree optimizer on module \bnn_top..
  Creating internal representation of mux trees.
  Evaluating internal representation of mux trees.
  Analyzing evaluation results.
Removed 0 multiplexer ports.
<suppressed ~1518 debug messages>

5.20.20. Executing OPT_REDUCE pass (consolidate $*mux and $reduce_* inputs).
  Optimizing cells in module \bnn_top.
Performed a total of 0 changes.

5.20.21. Executing OPT_MERGE pass (detect identical cells).
Finding identical cells in module `\bnn_top'.
Computing hashes of 6219 cells of `\bnn_top'.
Finding duplicate cells in `\bnn_top'.
Removed a total of 0 cells.

5.20.22. Executing OPT_SHARE pass.

5.20.23. Executing OPT_DFF pass (perform DFF optimizations).

5.20.24. Executing OPT_CLEAN pass (remove unused cells and wires).
Finding unused cells or wires in module \bnn_top..

5.20.25. Executing OPT_EXPR pass (perform const folding).
Optimizing module bnn_top.

5.20.26. Finished fast OPT passes. (There is nothing left to do.)

5.21. Executing TECHMAP pass (map to technology primitives).

5.21.1. Executing Verilog-2005 frontend: /opt/homebrew/bin/../share/yosys/techmap.v
Parsing Verilog input from `/opt/homebrew/bin/../share/yosys/techmap.v' to AST representation.
Generating RTLIL representation for module `\_90_simplemap_bool_ops'.
Generating RTLIL representation for module `\_90_simplemap_reduce_ops'.
Generating RTLIL representation for module `\_90_simplemap_logic_ops'.
Generating RTLIL representation for module `\_90_simplemap_compare_ops'.
Generating RTLIL representation for module `\_90_simplemap_various'.
Generating RTLIL representation for module `\_90_simplemap_registers'.
Generating RTLIL representation for module `\_90_shift_ops_shr_shl_sshl_sshr'.
Generating RTLIL representation for module `\_90_shift_shiftx'.
Generating RTLIL representation for module `\_90_fa'.
Generating RTLIL representation for module `\_90_lcu_brent_kung'.
Generating RTLIL representation for module `\_90_alu'.
Generating RTLIL representation for module `\_90_macc'.
Generating RTLIL representation for module `\_90_alumacc'.
Generating RTLIL representation for module `$__div_mod_u'.
Generating RTLIL representation for module `$__div_mod_trunc'.
Generating RTLIL representation for module `\_90_div'.
Generating RTLIL representation for module `\_90_mod'.
Generating RTLIL representation for module `$__div_mod_floor'.
Generating RTLIL representation for module `\_90_divfloor'.
Generating RTLIL representation for module `\_90_modfloor'.
Generating RTLIL representation for module `\_90_pow'.
Generating RTLIL representation for module `\_90_pmux'.
Generating RTLIL representation for module `\_90_demux'.
Generating RTLIL representation for module `\_90_lut'.
Generating RTLIL representation for module `$connect'.
Generating RTLIL representation for module `$input_port'.
Successfully finished Verilog frontend.

5.21.2. Continuing TECHMAP pass.
Using extmapper simplemap for cells of type $sdffe.
Using extmapper simplemap for cells of type $dffe.
Using extmapper simplemap for cells of type $sdff.
Using extmapper simplemap for cells of type $and.
Using extmapper simplemap for cells of type $not.
Using extmapper simplemap for cells of type $mux.
Using template $paramod$7b16819b516a037d220ff7463dffc76498bbb23b\_90_alu for cells of type $alu.
Using template $paramod$03b53527b09ab3d29404888b7d241b299d7b96e4\_90_alu for cells of type $alu.
Using template $paramod$1d1e68f77481583066c6d429218f48ea9d5739b3\_90_alu for cells of type $alu.
Using template $paramod$2af30114e9bd4ccb04dad757b3f0a8f6bf0615b0\_90_alu for cells of type $alu.
Using template $paramod$3ef7d3dd227da7627a99c5e5a6a4deb817573e39\_90_alu for cells of type $alu.
Using template $paramod$b8c0a997bce700f23568a5ada79cc6781d1f5ca0\_90_alu for cells of type $alu.
Using template $paramod$2f5fb04daf2da94d981bf9455fa4454c6ec8b705\_90_alu for cells of type $alu.
Using extmapper maccmap for cells of type $macc_v2.
  add $auto$wreduce.cc:514:run$776 [1:0] (2 bits, unsigned)
  add \u_core.xnor_reg [255] (1 bits, unsigned)
  add \u_core.xnor_reg [254] (1 bits, unsigned)
  add \u_core.xnor_reg [253] (1 bits, unsigned)
  add \u_core.xnor_reg [252] (1 bits, unsigned)
  add \u_core.xnor_reg [251] (1 bits, unsigned)
  add \u_core.xnor_reg [250] (1 bits, unsigned)
  add \u_core.xnor_reg [249] (1 bits, unsigned)
  add \u_core.xnor_reg [248] (1 bits, unsigned)
  add \u_core.xnor_reg [247] (1 bits, unsigned)
  add \u_core.xnor_reg [246] (1 bits, unsigned)
  add \u_core.xnor_reg [245] (1 bits, unsigned)
  add \u_core.xnor_reg [244] (1 bits, unsigned)
  add \u_core.xnor_reg [243] (1 bits, unsigned)
  add \u_core.xnor_reg [242] (1 bits, unsigned)
  add \u_core.xnor_reg [241] (1 bits, unsigned)
  add \u_core.xnor_reg [240] (1 bits, unsigned)
  add \u_core.xnor_reg [239] (1 bits, unsigned)
  add \u_core.xnor_reg [238] (1 bits, unsigned)
  add \u_core.xnor_reg [237] (1 bits, unsigned)
  add \u_core.xnor_reg [236] (1 bits, unsigned)
  add \u_core.xnor_reg [235] (1 bits, unsigned)
  add \u_core.xnor_reg [234] (1 bits, unsigned)
  add \u_core.xnor_reg [233] (1 bits, unsigned)
  add \u_core.xnor_reg [232] (1 bits, unsigned)
  add \u_core.xnor_reg [231] (1 bits, unsigned)
  add \u_core.xnor_reg [230] (1 bits, unsigned)
  add \u_core.xnor_reg [229] (1 bits, unsigned)
  add \u_core.xnor_reg [228] (1 bits, unsigned)
  add \u_core.xnor_reg [227] (1 bits, unsigned)
  add \u_core.xnor_reg [226] (1 bits, unsigned)
  add \u_core.xnor_reg [225] (1 bits, unsigned)
  add \u_core.xnor_reg [224] (1 bits, unsigned)
  add \u_core.xnor_reg [223] (1 bits, unsigned)
  add \u_core.xnor_reg [222] (1 bits, unsigned)
  add \u_core.xnor_reg [221] (1 bits, unsigned)
  add \u_core.xnor_reg [220] (1 bits, unsigned)
  add \u_core.xnor_reg [219] (1 bits, unsigned)
  add \u_core.xnor_reg [218] (1 bits, unsigned)
  add \u_core.xnor_reg [217] (1 bits, unsigned)
  add \u_core.xnor_reg [216] (1 bits, unsigned)
  add \u_core.xnor_reg [215] (1 bits, unsigned)
  add \u_core.xnor_reg [214] (1 bits, unsigned)
  add \u_core.xnor_reg [213] (1 bits, unsigned)
  add \u_core.xnor_reg [212] (1 bits, unsigned)
  add \u_core.xnor_reg [211] (1 bits, unsigned)
  add \u_core.xnor_reg [210] (1 bits, unsigned)
  add \u_core.xnor_reg [209] (1 bits, unsigned)
  add \u_core.xnor_reg [208] (1 bits, unsigned)
  add \u_core.xnor_reg [207] (1 bits, unsigned)
  add \u_core.xnor_reg [206] (1 bits, unsigned)
  add \u_core.xnor_reg [205] (1 bits, unsigned)
  add \u_core.xnor_reg [204] (1 bits, unsigned)
  add \u_core.xnor_reg [203] (1 bits, unsigned)
  add \u_core.xnor_reg [202] (1 bits, unsigned)
  add \u_core.xnor_reg [201] (1 bits, unsigned)
  add \u_core.xnor_reg [200] (1 bits, unsigned)
  add \u_core.xnor_reg [199] (1 bits, unsigned)
  add \u_core.xnor_reg [198] (1 bits, unsigned)
  add \u_core.xnor_reg [197] (1 bits, unsigned)
  add \u_core.xnor_reg [196] (1 bits, unsigned)
  add \u_core.xnor_reg [195] (1 bits, unsigned)
  add \u_core.xnor_reg [194] (1 bits, unsigned)
  add \u_core.xnor_reg [193] (1 bits, unsigned)
  add \u_core.xnor_reg [192] (1 bits, unsigned)
  add \u_core.xnor_reg [191] (1 bits, unsigned)
  add \u_core.xnor_reg [190] (1 bits, unsigned)
  add \u_core.xnor_reg [189] (1 bits, unsigned)
  add \u_core.xnor_reg [188] (1 bits, unsigned)
  add \u_core.xnor_reg [187] (1 bits, unsigned)
  add \u_core.xnor_reg [186] (1 bits, unsigned)
  add \u_core.xnor_reg [185] (1 bits, unsigned)
  add \u_core.xnor_reg [184] (1 bits, unsigned)
  add \u_core.xnor_reg [183] (1 bits, unsigned)
  add \u_core.xnor_reg [182] (1 bits, unsigned)
  add \u_core.xnor_reg [181] (1 bits, unsigned)
  add \u_core.xnor_reg [180] (1 bits, unsigned)
  add \u_core.xnor_reg [179] (1 bits, unsigned)
  add \u_core.xnor_reg [178] (1 bits, unsigned)
  add \u_core.xnor_reg [177] (1 bits, unsigned)
  add \u_core.xnor_reg [176] (1 bits, unsigned)
  add \u_core.xnor_reg [175] (1 bits, unsigned)
  add \u_core.xnor_reg [174] (1 bits, unsigned)
  add \u_core.xnor_reg [173] (1 bits, unsigned)
  add \u_core.xnor_reg [172] (1 bits, unsigned)
  add \u_core.xnor_reg [171] (1 bits, unsigned)
  add \u_core.xnor_reg [170] (1 bits, unsigned)
  add \u_core.xnor_reg [169] (1 bits, unsigned)
  add \u_core.xnor_reg [168] (1 bits, unsigned)
  add \u_core.xnor_reg [167] (1 bits, unsigned)
  add \u_core.xnor_reg [166] (1 bits, unsigned)
  add \u_core.xnor_reg [165] (1 bits, unsigned)
  add \u_core.xnor_reg [164] (1 bits, unsigned)
  add \u_core.xnor_reg [163] (1 bits, unsigned)
  add \u_core.xnor_reg [162] (1 bits, unsigned)
  add \u_core.xnor_reg [161] (1 bits, unsigned)
  add \u_core.xnor_reg [160] (1 bits, unsigned)
  add \u_core.xnor_reg [159] (1 bits, unsigned)
  add \u_core.xnor_reg [158] (1 bits, unsigned)
  add \u_core.xnor_reg [157] (1 bits, unsigned)
  add \u_core.xnor_reg [156] (1 bits, unsigned)
  add \u_core.xnor_reg [155] (1 bits, unsigned)
  add \u_core.xnor_reg [154] (1 bits, unsigned)
  add \u_core.xnor_reg [153] (1 bits, unsigned)
  add \u_core.xnor_reg [152] (1 bits, unsigned)
  add \u_core.xnor_reg [151] (1 bits, unsigned)
  add \u_core.xnor_reg [150] (1 bits, unsigned)
  add \u_core.xnor_reg [149] (1 bits, unsigned)
  add \u_core.xnor_reg [148] (1 bits, unsigned)
  add \u_core.xnor_reg [147] (1 bits, unsigned)
  add \u_core.xnor_reg [146] (1 bits, unsigned)
  add \u_core.xnor_reg [145] (1 bits, unsigned)
  add \u_core.xnor_reg [144] (1 bits, unsigned)
  add \u_core.xnor_reg [143] (1 bits, unsigned)
  add \u_core.xnor_reg [142] (1 bits, unsigned)
  add \u_core.xnor_reg [141] (1 bits, unsigned)
  add \u_core.xnor_reg [140] (1 bits, unsigned)
  add \u_core.xnor_reg [139] (1 bits, unsigned)
  add \u_core.xnor_reg [138] (1 bits, unsigned)
  add \u_core.xnor_reg [137] (1 bits, unsigned)
  add \u_core.xnor_reg [136] (1 bits, unsigned)
  add \u_core.xnor_reg [135] (1 bits, unsigned)
  add \u_core.xnor_reg [134] (1 bits, unsigned)
  add \u_core.xnor_reg [133] (1 bits, unsigned)
  add \u_core.xnor_reg [132] (1 bits, unsigned)
  add \u_core.xnor_reg [131] (1 bits, unsigned)
  add \u_core.xnor_reg [130] (1 bits, unsigned)
  add \u_core.xnor_reg [129] (1 bits, unsigned)
  add \u_core.xnor_reg [128] (1 bits, unsigned)
  add \u_core.xnor_reg [127] (1 bits, unsigned)
  add \u_core.xnor_reg [126] (1 bits, unsigned)
  add \u_core.xnor_reg [125] (1 bits, unsigned)
  add \u_core.xnor_reg [124] (1 bits, unsigned)
  add \u_core.xnor_reg [123] (1 bits, unsigned)
  add \u_core.xnor_reg [122] (1 bits, unsigned)
  add \u_core.xnor_reg [121] (1 bits, unsigned)
  add \u_core.xnor_reg [120] (1 bits, unsigned)
  add \u_core.xnor_reg [119] (1 bits, unsigned)
  add \u_core.xnor_reg [118] (1 bits, unsigned)
  add \u_core.xnor_reg [117] (1 bits, unsigned)
  add \u_core.xnor_reg [116] (1 bits, unsigned)
  add \u_core.xnor_reg [115] (1 bits, unsigned)
  add \u_core.xnor_reg [114] (1 bits, unsigned)
  add \u_core.xnor_reg [113] (1 bits, unsigned)
  add \u_core.xnor_reg [112] (1 bits, unsigned)
  add \u_core.xnor_reg [111] (1 bits, unsigned)
  add \u_core.xnor_reg [110] (1 bits, unsigned)
  add \u_core.xnor_reg [109] (1 bits, unsigned)
  add \u_core.xnor_reg [108] (1 bits, unsigned)
  add \u_core.xnor_reg [107] (1 bits, unsigned)
  add \u_core.xnor_reg [106] (1 bits, unsigned)
  add \u_core.xnor_reg [105] (1 bits, unsigned)
  add \u_core.xnor_reg [104] (1 bits, unsigned)
  add \u_core.xnor_reg [103] (1 bits, unsigned)
  add \u_core.xnor_reg [102] (1 bits, unsigned)
  add \u_core.xnor_reg [101] (1 bits, unsigned)
  add \u_core.xnor_reg [100] (1 bits, unsigned)
  add \u_core.xnor_reg [99] (1 bits, unsigned)
  add \u_core.xnor_reg [98] (1 bits, unsigned)
  add \u_core.xnor_reg [97] (1 bits, unsigned)
  add \u_core.xnor_reg [96] (1 bits, unsigned)
  add \u_core.xnor_reg [95] (1 bits, unsigned)
  add \u_core.xnor_reg [94] (1 bits, unsigned)
  add \u_core.xnor_reg [93] (1 bits, unsigned)
  add \u_core.xnor_reg [92] (1 bits, unsigned)
  add \u_core.xnor_reg [91] (1 bits, unsigned)
  add \u_core.xnor_reg [90] (1 bits, unsigned)
  add \u_core.xnor_reg [89] (1 bits, unsigned)
  add \u_core.xnor_reg [88] (1 bits, unsigned)
  add \u_core.xnor_reg [87] (1 bits, unsigned)
  add \u_core.xnor_reg [86] (1 bits, unsigned)
  add \u_core.xnor_reg [85] (1 bits, unsigned)
  add \u_core.xnor_reg [84] (1 bits, unsigned)
  add \u_core.xnor_reg [83] (1 bits, unsigned)
  add \u_core.xnor_reg [82] (1 bits, unsigned)
  add \u_core.xnor_reg [81] (1 bits, unsigned)
  add \u_core.xnor_reg [80] (1 bits, unsigned)
  add \u_core.xnor_reg [79] (1 bits, unsigned)
  add \u_core.xnor_reg [78] (1 bits, unsigned)
  add \u_core.xnor_reg [77] (1 bits, unsigned)
  add \u_core.xnor_reg [76] (1 bits, unsigned)
  add \u_core.xnor_reg [75] (1 bits, unsigned)
  add \u_core.xnor_reg [74] (1 bits, unsigned)
  add \u_core.xnor_reg [73] (1 bits, unsigned)
  add \u_core.xnor_reg [72] (1 bits, unsigned)
  add \u_core.xnor_reg [71] (1 bits, unsigned)
  add \u_core.xnor_reg [70] (1 bits, unsigned)
  add \u_core.xnor_reg [69] (1 bits, unsigned)
  add \u_core.xnor_reg [68] (1 bits, unsigned)
  add \u_core.xnor_reg [67] (1 bits, unsigned)
  add \u_core.xnor_reg [66] (1 bits, unsigned)
  add \u_core.xnor_reg [65] (1 bits, unsigned)
  add \u_core.xnor_reg [64] (1 bits, unsigned)
  add \u_core.xnor_reg [63] (1 bits, unsigned)
  add \u_core.xnor_reg [62] (1 bits, unsigned)
  add \u_core.xnor_reg [61] (1 bits, unsigned)
  add \u_core.xnor_reg [60] (1 bits, unsigned)
  add \u_core.xnor_reg [59] (1 bits, unsigned)
  add \u_core.xnor_reg [58] (1 bits, unsigned)
  add \u_core.xnor_reg [57] (1 bits, unsigned)
  add \u_core.xnor_reg [56] (1 bits, unsigned)
  add \u_core.xnor_reg [55] (1 bits, unsigned)
  add \u_core.xnor_reg [54] (1 bits, unsigned)
  add \u_core.xnor_reg [53] (1 bits, unsigned)
  add \u_core.xnor_reg [52] (1 bits, unsigned)
  add \u_core.xnor_reg [51] (1 bits, unsigned)
  add \u_core.xnor_reg [50] (1 bits, unsigned)
  add \u_core.xnor_reg [49] (1 bits, unsigned)
  add \u_core.xnor_reg [48] (1 bits, unsigned)
  add \u_core.xnor_reg [47] (1 bits, unsigned)
  add \u_core.xnor_reg [46] (1 bits, unsigned)
  add \u_core.xnor_reg [45] (1 bits, unsigned)
  add \u_core.xnor_reg [44] (1 bits, unsigned)
  add \u_core.xnor_reg [43] (1 bits, unsigned)
  add \u_core.xnor_reg [42] (1 bits, unsigned)
  add \u_core.xnor_reg [41] (1 bits, unsigned)
  add \u_core.xnor_reg [40] (1 bits, unsigned)
  add \u_core.xnor_reg [39] (1 bits, unsigned)
  add \u_core.xnor_reg [38] (1 bits, unsigned)
  add \u_core.xnor_reg [37] (1 bits, unsigned)
  add \u_core.xnor_reg [36] (1 bits, unsigned)
  add \u_core.xnor_reg [35] (1 bits, unsigned)
  add \u_core.xnor_reg [34] (1 bits, unsigned)
  add \u_core.xnor_reg [33] (1 bits, unsigned)
  add \u_core.xnor_reg [32] (1 bits, unsigned)
  add \u_core.xnor_reg [31] (1 bits, unsigned)
  add \u_core.xnor_reg [30] (1 bits, unsigned)
  add \u_core.xnor_reg [29] (1 bits, unsigned)
  add \u_core.xnor_reg [28] (1 bits, unsigned)
  add \u_core.xnor_reg [27] (1 bits, unsigned)
  add \u_core.xnor_reg [26] (1 bits, unsigned)
  add \u_core.xnor_reg [25] (1 bits, unsigned)
  add \u_core.xnor_reg [24] (1 bits, unsigned)
  add \u_core.xnor_reg [23] (1 bits, unsigned)
  add \u_core.xnor_reg [22] (1 bits, unsigned)
  add \u_core.xnor_reg [21] (1 bits, unsigned)
  add \u_core.xnor_reg [20] (1 bits, unsigned)
  add \u_core.xnor_reg [19] (1 bits, unsigned)
  add \u_core.xnor_reg [18] (1 bits, unsigned)
  add \u_core.xnor_reg [17] (1 bits, unsigned)
  add \u_core.xnor_reg [16] (1 bits, unsigned)
  add \u_core.xnor_reg [15] (1 bits, unsigned)
  add \u_core.xnor_reg [14] (1 bits, unsigned)
  add \u_core.xnor_reg [13] (1 bits, unsigned)
  add \u_core.xnor_reg [12] (1 bits, unsigned)
  add \u_core.xnor_reg [11] (1 bits, unsigned)
  add \u_core.xnor_reg [10] (1 bits, unsigned)
  add \u_core.xnor_reg [9] (1 bits, unsigned)
  add \u_core.xnor_reg [8] (1 bits, unsigned)
  add \u_core.xnor_reg [7] (1 bits, unsigned)
  add \u_core.xnor_reg [6] (1 bits, unsigned)
  add \u_core.xnor_reg [5] (1 bits, unsigned)
  add \u_core.xnor_reg [4] (1 bits, unsigned)
  add \u_core.xnor_reg [3] (1 bits, unsigned)
  add \u_core.xnor_reg [2] (1 bits, unsigned)
  packed 127 (127) bits / 127 words into adder tree
Using extmapper simplemap for cells of type $reduce_or.
Using extmapper simplemap for cells of type $reduce_and.
Using extmapper simplemap for cells of type $reduce_bool.
Using extmapper simplemap for cells of type $ne.
Using extmapper simplemap for cells of type $eq.
Using extmapper simplemap for cells of type $logic_and.
Using extmapper simplemap for cells of type $logic_not.
Using extmapper simplemap for cells of type $logic_or.
Using extmapper simplemap for cells of type $xor.
Using template $paramod\_90_fa\WIDTH=32'00000000000000000000000000000001 for cells of type $fa.
Using template $paramod\_90_fa\WIDTH=32'00000000000000000000000000000010 for cells of type $fa.
Using template $paramod\_90_fa\WIDTH=32'00000000000000000000000000000011 for cells of type $fa.
Using template $paramod\_90_fa\WIDTH=32'00000000000000000000000000000100 for cells of type $fa.
Using template $paramod\_90_fa\WIDTH=32'00000000000000000000000000000101 for cells of type $fa.
Using template $paramod\_90_fa\WIDTH=32'00000000000000000000000000000110 for cells of type $fa.
Using template $paramod\_90_fa\WIDTH=32'00000000000000000000000000000111 for cells of type $fa.
Using template $paramod\_90_fa\WIDTH=32'00000000000000000000000000001000 for cells of type $fa.
Using template $paramod\_90_fa\WIDTH=32'00000000000000000000000000001001 for cells of type $fa.
Using template $paramod$d2fa05d38998afabc6d4f34471305d0af4b8b2df\_90_alu for cells of type $alu.
Using template $paramod\_90_lcu_brent_kung\WIDTH=32'00000000000000000000000000000011 for cells of type $lcu.
Using extmapper simplemap for cells of type $pos.
Using template $paramod\_90_fa\WIDTH=32'00000000000000000000000000011111 for cells of type $fa.
Using template $paramod\_90_lcu_brent_kung\WIDTH=32'00000000000000000000000000011111 for cells of type $lcu.
Using template $paramod\_90_lcu_brent_kung\WIDTH=32'00000000000000000000000000000010 for cells of type $lcu.
Using template $paramod\_90_fa\WIDTH=32'00000000000000000000000000010000 for cells of type $fa.
Using template $paramod\_90_lcu_brent_kung\WIDTH=32'00000000000000000000000000010000 for cells of type $lcu.
Using template $paramod\_90_fa\WIDTH=32'00000000000000000000000000001011 for cells of type $fa.
Using template $paramod\_90_lcu_brent_kung\WIDTH=32'00000000000000000000000000001011 for cells of type $lcu.
Using extmapper simplemap for cells of type $or.
Using template $paramod\_90_lcu_brent_kung\WIDTH=32'00000000000000000000000000001001 for cells of type $lcu.
No more expansions possible.
<suppressed ~8427 debug messages>

5.22. Executing OPT pass (performing simple optimizations).

5.22.1. Executing OPT_EXPR pass (perform const folding).
Optimizing module bnn_top.
<suppressed ~1114 debug messages>

5.22.2. Executing OPT_MERGE pass (detect identical cells).
Finding identical cells in module `\bnn_top'.
Computing hashes of 779932 cells of `\bnn_top'.
Finding duplicate cells in `\bnn_top'.
Computing hashes of 779921 cells of `\bnn_top'.
Finding duplicate cells in `\bnn_top'.
<suppressed ~33 debug messages>
Removed a total of 11 cells.

5.22.3. Executing OPT_DFF pass (perform DFF optimizations).

5.22.4. Executing OPT_CLEAN pass (remove unused cells and wires).
Finding unused cells or wires in module \bnn_top..
Removed 72 unused cells and 1667 unused wires.
<suppressed ~73 debug messages>

5.22.5. Finished fast OPT passes.

5.23. Executing ABC pass (technology mapping using ABC).

5.23.1. Extracting gate netlist of module `\bnn_top' to `<abc-temp-dir>/input.blif'..

5.23.1.1. Executed ABC.
Extracted 392150 gates and 779828 wires to a netlist network with 387677 inputs and 1845 outputs.
Running ABC script: <abc-temp-dir>/abc.script
ABC: ======== ABC command line "source <abc-temp-dir>/abc.script"
ABC: + read_blif <abc-temp-dir>/input.blif 
ABC: + read_library <abc-temp-dir>/stdcells.genlib 
ABC: + strash 
ABC: + &get -n 
ABC: + &fraig -x 
ABC: + &put 
ABC: + scorr 
ABC: Warning: The network is combinational (run "fraig" or "fraig_sweep").
ABC: + dc2 
ABC: + dretime 
ABC: + strash 
ABC: + &get -n 
ABC: + &dch -f 
ABC: + &nf 
ABC: + &put 
ABC: + write_blif <abc-temp-dir>/output.blif 

5.23.1.2. Re-integrating ABC results.
ABC RESULTS:               AND cells:   170092
ABC RESULTS:            ANDNOT cells:      464
ABC RESULTS:               MUX cells:   182331
ABC RESULTS:              NAND cells:   295721
ABC RESULTS:               NOR cells:       20
ABC RESULTS:               NOT cells:       16
ABC RESULTS:                OR cells:    83126
ABC RESULTS:             ORNOT cells:    66654
ABC RESULTS:              XNOR cells:      408
ABC RESULTS:               XOR cells:      450
ABC RESULTS:        internal signals:   390306
ABC RESULTS:           input signals:   387677
ABC RESULTS:          output signals:     1845
Removing temp directory.
Removing global temp directory.

5.24. Executing OPT pass (performing simple optimizations).

5.24.1. Executing OPT_EXPR pass (perform const folding).
Optimizing module bnn_top.
<suppressed ~37445 debug messages>

5.24.2. Executing OPT_MERGE pass (detect identical cells).
Finding identical cells in module `\bnn_top'.
Computing hashes of 1186981 cells of `\bnn_top'.
Finding duplicate cells in `\bnn_top'.
Removed a total of 0 cells.

5.24.3. Executing OPT_DFF pass (perform DFF optimizations).

5.24.4. Executing OPT_CLEAN pass (remove unused cells and wires).
Finding unused cells or wires in module \bnn_top..
Removed 0 unused cells and 393456 unused wires.
<suppressed ~3 debug messages>

5.24.5. Finished fast OPT passes.

5.25. Executing HIERARCHY pass (managing design hierarchy).
Attribute `top' found on module `bnn_top'. Setting top module to bnn_top.

5.25.1. Analyzing design hierarchy..
Top module:  \bnn_top

5.25.2. Analyzing design hierarchy..
Top module:  \bnn_top
Removed 0 unused modules.

5.26. Printing statistics.

=== bnn_top ===

        +----------Local Count, excluding submodules.
        | 
   800547 wires
  1188707 wire bits
     1564 public wires
   389624 public wire bits
       15 ports
      584 port bits
  1186981 cells
      464   $_ANDNOT_
   170092   $_AND_
   387072   $_DFFE_PP_
   182331   $_MUX_
   295721   $_NAND_
       20   $_NOR_
       16   $_NOT_
    66654   $_ORNOT_
    83126   $_OR_
      350   $_SDFFE_PP0P_
        2   $_SDFFE_PP1P_
      273   $_SDFF_PP0_
      408   $_XNOR_
      450   $_XOR_
        2   $scopeinfo

5.27. Executing CHECK pass (checking for obvious problems).
Checking module bnn_top...
Found and reported 0 problems.

6. Executing DFFLIBMAP pass (mapping DFF cells to sequential cells from liberty file).
  cell sky130_fd_sc_hd__dfxtp_1 (noninv, pins=3, area=20.02) is a direct match for cell type $_DFF_P_.
  cell sky130_fd_sc_hd__dfrtn_1 (noninv, pins=4, area=25.02) is a direct match for cell type $_DFF_NN0_.
  cell sky130_fd_sc_hd__dfrtp_1 (noninv, pins=4, area=25.02) is a direct match for cell type $_DFF_PN0_.
  cell sky130_fd_sc_hd__dfstp_2 (noninv, pins=4, area=26.28) is a direct match for cell type $_DFF_PN1_.
  cell sky130_fd_sc_hd__edfxtp_1 (noninv, pins=4, area=30.03) is a direct match for cell type $_DFFE_PP_.
  cell sky130_fd_sc_hd__dfbbn_1 (noninv, pins=6, area=32.53) is a direct match for cell type $_DFFSR_NNN_.
  cell sky130_fd_sc_hd__dfbbp_1 (noninv, pins=6, area=32.53) is a direct match for cell type $_DFFSR_PNN_.
  final dff cell mappings:
    unmapped dff cell: $_DFF_N_
    \sky130_fd_sc_hd__dfxtp_1 _DFF_P_ (.CLK( C), .D( D), .Q( Q));
    \sky130_fd_sc_hd__dfrtn_1 _DFF_NN0_ (.CLK_N( C), .D( D), .Q( Q), .RESET_B( R));
    unmapped dff cell: $_DFF_NN1_
    unmapped dff cell: $_DFF_NP0_
    unmapped dff cell: $_DFF_NP1_
    \sky130_fd_sc_hd__dfrtp_1 _DFF_PN0_ (.CLK( C), .D( D), .Q( Q), .RESET_B( R));
    \sky130_fd_sc_hd__dfstp_2 _DFF_PN1_ (.CLK( C), .D( D), .Q( Q), .SET_B( R));
    unmapped dff cell: $_DFF_PP0_
    unmapped dff cell: $_DFF_PP1_
    unmapped dff cell: $_DFFE_NN_
    unmapped dff cell: $_DFFE_NP_
    unmapped dff cell: $_DFFE_PN_
    \sky130_fd_sc_hd__edfxtp_1 _DFFE_PP_ (.CLK( C), .D( D), .DE( E), .Q( Q));
    \sky130_fd_sc_hd__dfbbn_1 _DFFSR_NNN_ (.CLK_N( C), .D( D), .Q( Q), .Q_N(~Q), .RESET_B( R), .SET_B( S));
    unmapped dff cell: $_DFFSR_NNP_
    unmapped dff cell: $_DFFSR_NPN_
    unmapped dff cell: $_DFFSR_NPP_
    \sky130_fd_sc_hd__dfbbp_1 _DFFSR_PNN_ (.CLK( C), .D( D), .Q( Q), .Q_N(~Q), .RESET_B( R), .SET_B( S));
    unmapped dff cell: $_DFFSR_PNP_
    unmapped dff cell: $_DFFSR_PPN_
    unmapped dff cell: $_DFFSR_PPP_

6.1. Executing DFFLEGALIZE pass (convert FFs to types supported by the target).
<suppressed ~24 debug messages>
Mapping DFF cells in module `\bnn_top':
  mapped 387072 $_DFFE_PP_ cells to \sky130_fd_sc_hd__edfxtp_1 cells.
  mapped 625 $_DFF_P_ cells to \sky130_fd_sc_hd__dfxtp_1 cells.

7. Executing ABC pass (technology mapping using ABC).

7.1. Extracting gate netlist of module `\bnn_top' to `<abc-temp-dir>/input.blif'..
